635083659	/work/vcomp-pebble-1tb/cassandra-comprehensive-100g-20260914-141045/vcomp/cassandra-vcomp-fidelity-100g-20260914-141045-vcomp-20260914-144011/data/data/vcomp_100g/kv-d94a1160affe11f1873e2db0dcf10a97/oa-183-big-Data.db
633061350	/work/vcomp-pebble-1tb/cassandra-comprehensive-100g-20260914-141045/vcomp/cassandra-vcomp-fidelity-100g-20260914-141045-vcomp-20260914-144011/data/data/vcomp_100g/kv-d94a1160affe11f1873e2db0dcf10a97/oa-20-big-Data.db
627362478	/work/vcomp-pebble-1tb/cassandra-comprehensive-100g-20260914-141045/vcomp/cassandra-vcomp-fidelity-100g-20260914-141045-vcomp-20260914-144011/data/data/vcomp_100g/kv-d94a1160affe11f1873e2db0dcf10a97/oa-180-big-Data.db
605236356	/work/vcomp-pebble-1tb/cassandra-comprehensive-100g-20260914-141045/vcomp/cassandra-vcomp-fidelity-100g-20260914-141045-vcomp-20260914-144011/data/data/vcomp_100g/kv-d94a1160affe11f1873e2db0dcf10a97/oa-87-big-Data.db
585218394	/work/vcomp-pebble-1tb/cassandra-comprehensive-100g-20260914-141045/vcomp/cassandra-vcomp-fidelity-100g-20260914-141045-vcomp-20260914-144011/data/data/vcomp_100g/kv-d94a1160affe11f1873e2db0dcf10a97/oa-76-big-Data.db
580038732	/work/vcomp-pebble-1tb/cassandra-comprehensive-100g-20260914-141045/vcomp/cassandra-vcomp-fidelity-100g-20260914-141045-vcomp-20260914-144011/data/data/vcomp_100g/kv-d94a1160affe11f1873e2db0dcf10a97/oa-91-big-Data.db
574703361	/work/vcomp-pebble-1tb/cassandra-comprehensive-100g-20260914-141045/vcomp/cassandra-vcomp-fidelity-100g-20260914-141045-vcomp-20260914-144011/data/data/vcomp_100g/kv-d94a1160affe11f1873e2db0dcf10a97/oa-120-big-Data.db
570834396	/work/vcomp-pebble-1tb/cassandra-comprehensive-100g-20260914-141045/vcomp/cassandra-vcomp-fidelity-100g-20260914-141045-vcomp-20260914-144011/data/data/vcomp_100g/kv-d94a1160affe11f1873e2db0dcf10a97/oa-135-big-Data.db
569039985	/work/vcomp-pebble-1tb/cassandra-comprehensive-100g-20260914-141045/vcomp/cassandra-vcomp-fidelity-100g-20260914-141045-vcomp-20260914-144011/data/data/vcomp_100g/kv-d94a1160affe11f1873e2db0dcf10a97/oa-94-big-Data.db
565799535	/work/vcomp-pebble-1tb/cassandra-comprehensive-100g-20260914-141045/vcomp/cassandra-vcomp-fidelity-100g-20260914-141045-vcomp-20260914-144011/data/data/vcomp_100g/kv-d94a1160affe11f1873e2db0dcf10a97/oa-53-big-Data.db
563033115	/work/vcomp-pebble-1tb/cassandra-comprehensive-100g-20260914-141045/vcomp/cassandra-vcomp-fidelity-100g-20260914-141045-vcomp-20260914-144011/data/data/vcomp_100g/kv-d94a1160affe11f1873e2db0dcf10a97/oa-31-big-Data.db
562171725	/work/vcomp-pebble-1tb/cassandra-comprehensive-100g-20260914-141045/vcomp/cassandra-vcomp-fidelity-100g-20260914-141045-vcomp-20260914-144011/data/data/vcomp_100g/kv-d94a1160affe11f1873e2db0dcf10a97/oa-101-big-Data.db
561269961	/work/vcomp-pebble-1tb/cassandra-comprehensive-100g-20260914-141045/vcomp/cassandra-vcomp-fidelity-100g-20260914-141045-vcomp-20260914-144011/data/data/vcomp_100g/kv-d94a1160affe11f1873e2db0dcf10a97/oa-50-big-Data.db
558197730	/work/vcomp-pebble-1tb/cassandra-comprehensive-100g-20260914-141045/vcomp/cassandra-vcomp-fidelity-100g-20260914-141045-vcomp-20260914-144011/data/data/vcomp_100g/kv-d94a1160affe11f1873e2db0dcf10a97/oa-162-big-Data.db
550495287	/work/vcomp-pebble-1tb/cassandra-comprehensive-100g-20260914-141045/vcomp/cassandra-vcomp-fidelity-100g-20260914-141045-vcomp-20260914-144011/data/data/vcomp_100g/kv-d94a1160affe11f1873e2db0dcf10a97/oa-155-big-Data.db
550240596	/work/vcomp-pebble-1tb/cassandra-comprehensive-100g-20260914-141045/vcomp/cassandra-vcomp-fidelity-100g-20260914-141045-vcomp-20260914-144011/data/data/vcomp_100g/kv-d94a1160affe11f1873e2db0dcf10a97/oa-66-big-Data.db
549576648	/work/vcomp-pebble-1tb/cassandra-comprehensive-100g-20260914-141045/vcomp/cassandra-vcomp-fidelity-100g-20260914-141045-vcomp-20260914-144011/data/data/vcomp_100g/kv-d94a1160affe11f1873e2db0dcf10a97/oa-68-big-Data.db
547466301	/work/vcomp-pebble-1tb/cassandra-comprehensive-100g-20260914-141045/vcomp/cassandra-vcomp-fidelity-100g-20260914-141045-vcomp-20260914-144011/data/data/vcomp_100g/kv-d94a1160affe11f1873e2db0dcf10a97/oa-176-big-Data.db
544947957	/work/vcomp-pebble-1tb/cassandra-comprehensive-100g-20260914-141045/vcomp/cassandra-vcomp-fidelity-100g-20260914-141045-vcomp-20260914-144011/data/data/vcomp_100g/kv-d94a1160affe11f1873e2db0dcf10a97/oa-151-big-Data.db
544623327	/work/vcomp-pebble-1tb/cassandra-comprehensive-100g-20260914-141045/vcomp/cassandra-vcomp-fidelity-100g-20260914-141045-vcomp-20260914-144011/data/data/vcomp_100g/kv-d94a1160affe11f1873e2db0dcf10a97/oa-77-big-Data.db
543564738	/work/vcomp-pebble-1tb/cassandra-comprehensive-100g-20260914-141045/vcomp/cassandra-vcomp-fidelity-100g-20260914-141045-vcomp-20260914-144011/data/data/vcomp_100g/kv-d94a1160affe11f1873e2db0dcf10a97/oa-129-big-Data.db
541967895	/work/vcomp-pebble-1tb/cassandra-comprehensive-100g-20260914-141045/vcomp/cassandra-vcomp-fidelity-100g-20260914-141045-vcomp-20260914-144011/data/data/vcomp_100g/kv-d94a1160affe11f1873e2db0dcf10a97/oa-83-big-Data.db
534492063	/work/vcomp-pebble-1tb/cassandra-comprehensive-100g-20260914-141045/vcomp/cassandra-vcomp-fidelity-100g-20260914-141045-vcomp-20260914-144011/data/data/vcomp_100g/kv-d94a1160affe11f1873e2db0dcf10a97/oa-130-big-Data.db
534306771	/work/vcomp-pebble-1tb/cassandra-comprehensive-100g-20260914-141045/vcomp/cassandra-vcomp-fidelity-100g-20260914-141045-vcomp-20260914-144011/data/data/vcomp_100g/kv-d94a1160affe11f1873e2db0dcf10a97/oa-93-big-Data.db
534107700	/work/vcomp-pebble-1tb/cassandra-comprehensive-100g-20260914-141045/vcomp/cassandra-vcomp-fidelity-100g-20260914-141045-vcomp-20260914-144011/data/data/vcomp_100g/kv-d94a1160affe11f1873e2db0dcf10a97/oa-8-big-Data.db
533208717	/work/vcomp-pebble-1tb/cassandra-comprehensive-100g-20260914-141045/vcomp/cassandra-vcomp-fidelity-100g-20260914-141045-vcomp-20260914-144011/data/data/vcomp_100g/kv-d94a1160affe11f1873e2db0dcf10a97/oa-48-big-Data.db
528387336	/work/vcomp-pebble-1tb/cassandra-comprehensive-100g-20260914-141045/vcomp/cassandra-vcomp-fidelity-100g-20260914-141045-vcomp-20260914-144011/data/data/vcomp_100g/kv-d94a1160affe11f1873e2db0dcf10a97/oa-178-big-Data.db
528162462	/work/vcomp-pebble-1tb/cassandra-comprehensive-100g-20260914-141045/vcomp/cassandra-vcomp-fidelity-100g-20260914-141045-vcomp-20260914-144011/data/data/vcomp_100g/kv-d94a1160affe11f1873e2db0dcf10a97/oa-174-big-Data.db
527514885	/work/vcomp-pebble-1tb/cassandra-comprehensive-100g-20260914-141045/vcomp/cassandra-vcomp-fidelity-100g-20260914-141045-vcomp-20260914-144011/data/data/vcomp_100g/kv-d94a1160affe11f1873e2db0dcf10a97/oa-97-big-Data.db
525588993	/work/vcomp-pebble-1tb/cassandra-comprehensive-100g-20260914-141045/vcomp/cassandra-vcomp-fidelity-100g-20260914-141045-vcomp-20260914-144011/data/data/vcomp_100g/kv-d94a1160affe11f1873e2db0dcf10a97/oa-167-big-Data.db
524359548	/work/vcomp-pebble-1tb/cassandra-comprehensive-100g-20260914-141045/vcomp/cassandra-vcomp-fidelity-100g-20260914-141045-vcomp-20260914-144011/data/data/vcomp_100g/kv-d94a1160affe11f1873e2db0dcf10a97/oa-114-big-Data.db
522252945	/work/vcomp-pebble-1tb/cassandra-comprehensive-100g-20260914-141045/vcomp/cassandra-vcomp-fidelity-100g-20260914-141045-vcomp-20260914-144011/data/data/vcomp_100g/kv-d94a1160affe11f1873e2db0dcf10a97/oa-168-big-Data.db
521942202	/work/vcomp-pebble-1tb/cassandra-comprehensive-100g-20260914-141045/vcomp/cassandra-vcomp-fidelity-100g-20260914-141045-vcomp-20260914-144011/data/data/vcomp_100g/kv-d94a1160affe11f1873e2db0dcf10a97/oa-153-big-Data.db
520961238	/work/vcomp-pebble-1tb/cassandra-comprehensive-100g-20260914-141045/vcomp/cassandra-vcomp-fidelity-100g-20260914-141045-vcomp-20260914-144011/data/data/vcomp_100g/kv-d94a1160affe11f1873e2db0dcf10a97/oa-147-big-Data.db
519962247	/work/vcomp-pebble-1tb/cassandra-comprehensive-100g-20260914-141045/vcomp/cassandra-vcomp-fidelity-100g-20260914-141045-vcomp-20260914-144011/data/data/vcomp_100g/kv-d94a1160affe11f1873e2db0dcf10a97/oa-99-big-Data.db
516890367	/work/vcomp-pebble-1tb/cassandra-comprehensive-100g-20260914-141045/vcomp/cassandra-vcomp-fidelity-100g-20260914-141045-vcomp-20260914-144011/data/data/vcomp_100g/kv-d94a1160affe11f1873e2db0dcf10a97/oa-105-big-Data.db
514594323	/work/vcomp-pebble-1tb/cassandra-comprehensive-100g-20260914-141045/vcomp/cassandra-vcomp-fidelity-100g-20260914-141045-vcomp-20260914-144011/data/data/vcomp_100g/kv-d94a1160affe11f1873e2db0dcf10a97/oa-122-big-Data.db
514193562	/work/vcomp-pebble-1tb/cassandra-comprehensive-100g-20260914-141045/vcomp/cassandra-vcomp-fidelity-100g-20260914-141045-vcomp-20260914-144011/data/data/vcomp_100g/kv-d94a1160affe11f1873e2db0dcf10a97/oa-163-big-Data.db
512434557	/work/vcomp-pebble-1tb/cassandra-comprehensive-100g-20260914-141045/vcomp/cassandra-vcomp-fidelity-100g-20260914-141045-vcomp-20260914-144011/data/data/vcomp_100g/kv-d94a1160affe11f1873e2db0dcf10a97/oa-74-big-Data.db
508433814	/work/vcomp-pebble-1tb/cassandra-comprehensive-100g-20260914-141045/vcomp/cassandra-vcomp-fidelity-100g-20260914-141045-vcomp-20260914-144011/data/data/vcomp_100g/kv-d94a1160affe11f1873e2db0dcf10a97/oa-29-big-Data.db
507374496	/work/vcomp-pebble-1tb/cassandra-comprehensive-100g-20260914-141045/vcomp/cassandra-vcomp-fidelity-100g-20260914-141045-vcomp-20260914-144011/data/data/vcomp_100g/kv-d94a1160affe11f1873e2db0dcf10a97/oa-88-big-Data.db
505054080	/work/vcomp-pebble-1tb/cassandra-comprehensive-100g-20260914-141045/vcomp/cassandra-vcomp-fidelity-100g-20260914-141045-vcomp-20260914-144011/data/data/vcomp_100g/kv-d94a1160affe11f1873e2db0dcf10a97/oa-98-big-Data.db
504430956	/work/vcomp-pebble-1tb/cassandra-comprehensive-100g-20260914-141045/vcomp/cassandra-vcomp-fidelity-100g-20260914-141045-vcomp-20260914-144011/data/data/vcomp_100g/kv-d94a1160affe11f1873e2db0dcf10a97/oa-188-big-Data.db
504307818	/work/vcomp-pebble-1tb/cassandra-comprehensive-100g-20260914-141045/vcomp/cassandra-vcomp-fidelity-100g-20260914-141045-vcomp-20260914-144011/data/data/vcomp_100g/kv-d94a1160affe11f1873e2db0dcf10a97/oa-30-big-Data.db
502532739	/work/vcomp-pebble-1tb/cassandra-comprehensive-100g-20260914-141045/vcomp/cassandra-vcomp-fidelity-100g-20260914-141045-vcomp-20260914-144011/data/data/vcomp_100g/kv-d94a1160affe11f1873e2db0dcf10a97/oa-45-big-Data.db
502137045	/work/vcomp-pebble-1tb/cassandra-comprehensive-100g-20260914-141045/vcomp/cassandra-vcomp-fidelity-100g-20260914-141045-vcomp-20260914-144011/data/data/vcomp_100g/kv-d94a1160affe11f1873e2db0dcf10a97/oa-177-big-Data.db
500582196	/work/vcomp-pebble-1tb/cassandra-comprehensive-100g-20260914-141045/vcomp/cassandra-vcomp-fidelity-100g-20260914-141045-vcomp-20260914-144011/data/data/vcomp_100g/kv-d94a1160affe11f1873e2db0dcf10a97/oa-166-big-Data.db
499582872	/work/vcomp-pebble-1tb/cassandra-comprehensive-100g-20260914-141045/vcomp/cassandra-vcomp-fidelity-100g-20260914-141045-vcomp-20260914-144011/data/data/vcomp_100g/kv-d94a1160affe11f1873e2db0dcf10a97/oa-21-big-Data.db
498074256	/work/vcomp-pebble-1tb/cassandra-comprehensive-100g-20260914-141045/vcomp/cassandra-vcomp-fidelity-100g-20260914-141045-vcomp-20260914-144011/data/data/vcomp_100g/kv-d94a1160affe11f1873e2db0dcf10a97/oa-152-big-Data.db
497227572	/work/vcomp-pebble-1tb/cassandra-comprehensive-100g-20260914-141045/vcomp/cassandra-vcomp-fidelity-100g-20260914-141045-vcomp-20260914-144011/data/data/vcomp_100g/kv-d94a1160affe11f1873e2db0dcf10a97/oa-43-big-Data.db
496407717	/work/vcomp-pebble-1tb/cassandra-comprehensive-100g-20260914-141045/vcomp/cassandra-vcomp-fidelity-100g-20260914-141045-vcomp-20260914-144011/data/data/vcomp_100g/kv-d94a1160affe11f1873e2db0dcf10a97/oa-56-big-Data.db
495864423	/work/vcomp-pebble-1tb/cassandra-comprehensive-100g-20260914-141045/vcomp/cassandra-vcomp-fidelity-100g-20260914-141045-vcomp-20260914-144011/data/data/vcomp_100g/kv-d94a1160affe11f1873e2db0dcf10a97/oa-51-big-Data.db
495750789	/work/vcomp-pebble-1tb/cassandra-comprehensive-100g-20260914-141045/vcomp/cassandra-vcomp-fidelity-100g-20260914-141045-vcomp-20260914-144011/data/data/vcomp_100g/kv-d94a1160affe11f1873e2db0dcf10a97/oa-89-big-Data.db
494107371	/work/vcomp-pebble-1tb/cassandra-comprehensive-100g-20260914-141045/vcomp/cassandra-vcomp-fidelity-100g-20260914-141045-vcomp-20260914-144011/data/data/vcomp_100g/kv-d94a1160affe11f1873e2db0dcf10a97/oa-24-big-Data.db
493106805	/work/vcomp-pebble-1tb/cassandra-comprehensive-100g-20260914-141045/vcomp/cassandra-vcomp-fidelity-100g-20260914-141045-vcomp-20260914-144011/data/data/vcomp_100g/kv-d94a1160affe11f1873e2db0dcf10a97/oa-2-big-Data.db
493004718	/work/vcomp-pebble-1tb/cassandra-comprehensive-100g-20260914-141045/vcomp/cassandra-vcomp-fidelity-100g-20260914-141045-vcomp-20260914-144011/data/data/vcomp_100g/kv-d94a1160affe11f1873e2db0dcf10a97/oa-78-big-Data.db
491872536	/work/vcomp-pebble-1tb/cassandra-comprehensive-100g-20260914-141045/vcomp/cassandra-vcomp-fidelity-100g-20260914-141045-vcomp-20260914-144011/data/data/vcomp_100g/kv-d94a1160affe11f1873e2db0dcf10a97/oa-175-big-Data.db
491393115	/work/vcomp-pebble-1tb/cassandra-comprehensive-100g-20260914-141045/vcomp/cassandra-vcomp-fidelity-100g-20260914-141045-vcomp-20260914-144011/data/data/vcomp_100g/kv-d94a1160affe11f1873e2db0dcf10a97/oa-36-big-Data.db
491157135	/work/vcomp-pebble-1tb/cassandra-comprehensive-100g-20260914-141045/vcomp/cassandra-vcomp-fidelity-100g-20260914-141045-vcomp-20260914-144011/data/data/vcomp_100g/kv-d94a1160affe11f1873e2db0dcf10a97/oa-139-big-Data.db
490482180	/work/vcomp-pebble-1tb/cassandra-comprehensive-100g-20260914-141045/vcomp/cassandra-vcomp-fidelity-100g-20260914-141045-vcomp-20260914-144011/data/data/vcomp_100g/kv-d94a1160affe11f1873e2db0dcf10a97/oa-17-big-Data.db
489718458	/work/vcomp-pebble-1tb/cassandra-comprehensive-100g-20260914-141045/vcomp/cassandra-vcomp-fidelity-100g-20260914-141045-vcomp-20260914-144011/data/data/vcomp_100g/kv-d94a1160affe11f1873e2db0dcf10a97/oa-165-big-Data.db
489299580	/work/vcomp-pebble-1tb/cassandra-comprehensive-100g-20260914-141045/vcomp/cassandra-vcomp-fidelity-100g-20260914-141045-vcomp-20260914-144011/data/data/vcomp_100g/kv-d94a1160affe11f1873e2db0dcf10a97/oa-90-big-Data.db
488784069	/work/vcomp-pebble-1tb/cassandra-comprehensive-100g-20260914-141045/vcomp/cassandra-vcomp-fidelity-100g-20260914-141045-vcomp-20260914-144011/data/data/vcomp_100g/kv-d94a1160affe11f1873e2db0dcf10a97/oa-32-big-Data.db
487862568	/work/vcomp-pebble-1tb/cassandra-comprehensive-100g-20260914-141045/vcomp/cassandra-vcomp-fidelity-100g-20260914-141045-vcomp-20260914-144011/data/data/vcomp_100g/kv-d94a1160affe11f1873e2db0dcf10a97/oa-38-big-Data.db
487841868	/work/vcomp-pebble-1tb/cassandra-comprehensive-100g-20260914-141045/vcomp/cassandra-vcomp-fidelity-100g-20260914-141045-vcomp-20260914-144011/data/data/vcomp_100g/kv-d94a1160affe11f1873e2db0dcf10a97/oa-185-big-Data.db
486357867	/work/vcomp-pebble-1tb/cassandra-comprehensive-100g-20260914-141045/vcomp/cassandra-vcomp-fidelity-100g-20260914-141045-vcomp-20260914-144011/data/data/vcomp_100g/kv-d94a1160affe11f1873e2db0dcf10a97/oa-119-big-Data.db
484546590	/work/vcomp-pebble-1tb/cassandra-comprehensive-100g-20260914-141045/vcomp/cassandra-vcomp-fidelity-100g-20260914-141045-vcomp-20260914-144011/data/data/vcomp_100g/kv-d94a1160affe11f1873e2db0dcf10a97/oa-67-big-Data.db
482351985	/work/vcomp-pebble-1tb/cassandra-comprehensive-100g-20260914-141045/vcomp/cassandra-vcomp-fidelity-100g-20260914-141045-vcomp-20260914-144011/data/data/vcomp_100g/kv-d94a1160affe11f1873e2db0dcf10a97/oa-25-big-Data.db
481609719	/work/vcomp-pebble-1tb/cassandra-comprehensive-100g-20260914-141045/vcomp/cassandra-vcomp-fidelity-100g-20260914-141045-vcomp-20260914-144011/data/data/vcomp_100g/kv-d94a1160affe11f1873e2db0dcf10a97/oa-96-big-Data.db
480992616	/work/vcomp-pebble-1tb/cassandra-comprehensive-100g-20260914-141045/vcomp/cassandra-vcomp-fidelity-100g-20260914-141045-vcomp-20260914-144011/data/data/vcomp_100g/kv-d94a1160affe11f1873e2db0dcf10a97/oa-161-big-Data.db
480512538	/work/vcomp-pebble-1tb/cassandra-comprehensive-100g-20260914-141045/vcomp/cassandra-vcomp-fidelity-100g-20260914-141045-vcomp-20260914-144011/data/data/vcomp_100g/kv-d94a1160affe11f1873e2db0dcf10a97/oa-112-big-Data.db
480342636	/work/vcomp-pebble-1tb/cassandra-comprehensive-100g-20260914-141045/vcomp/cassandra-vcomp-fidelity-100g-20260914-141045-vcomp-20260914-144011/data/data/vcomp_100g/kv-d94a1160affe11f1873e2db0dcf10a97/oa-55-big-Data.db
479954214	/work/vcomp-pebble-1tb/cassandra-comprehensive-100g-20260914-141045/vcomp/cassandra-vcomp-fidelity-100g-20260914-141045-vcomp-20260914-144011/data/data/vcomp_100g/kv-d94a1160affe11f1873e2db0dcf10a97/oa-116-big-Data.db
477476856	/work/vcomp-pebble-1tb/cassandra-comprehensive-100g-20260914-141045/vcomp/cassandra-vcomp-fidelity-100g-20260914-141045-vcomp-20260914-144011/data/data/vcomp_100g/kv-d94a1160affe11f1873e2db0dcf10a97/oa-54-big-Data.db
476879202	/work/vcomp-pebble-1tb/cassandra-comprehensive-100g-20260914-141045/vcomp/cassandra-vcomp-fidelity-100g-20260914-141045-vcomp-20260914-144011/data/data/vcomp_100g/kv-d94a1160affe11f1873e2db0dcf10a97/oa-60-big-Data.db
476351784	/work/vcomp-pebble-1tb/cassandra-comprehensive-100g-20260914-141045/vcomp/cassandra-vcomp-fidelity-100g-20260914-141045-vcomp-20260914-144011/data/data/vcomp_100g/kv-d94a1160affe11f1873e2db0dcf10a97/oa-102-big-Data.db
476145225	/work/vcomp-pebble-1tb/cassandra-comprehensive-100g-20260914-141045/vcomp/cassandra-vcomp-fidelity-100g-20260914-141045-vcomp-20260914-144011/data/data/vcomp_100g/kv-d94a1160affe11f1873e2db0dcf10a97/oa-121-big-Data.db
472776975	/work/vcomp-pebble-1tb/cassandra-comprehensive-100g-20260914-141045/vcomp/cassandra-vcomp-fidelity-100g-20260914-141045-vcomp-20260914-144011/data/data/vcomp_100g/kv-d94a1160affe11f1873e2db0dcf10a97/oa-47-big-Data.db
472150341	/work/vcomp-pebble-1tb/cassandra-comprehensive-100g-20260914-141045/vcomp/cassandra-vcomp-fidelity-100g-20260914-141045-vcomp-20260914-144011/data/data/vcomp_100g/kv-d94a1160affe11f1873e2db0dcf10a97/oa-108-big-Data.db
471716649	/work/vcomp-pebble-1tb/cassandra-comprehensive-100g-20260914-141045/vcomp/cassandra-vcomp-fidelity-100g-20260914-141045-vcomp-20260914-144011/data/data/vcomp_100g/kv-d94a1160affe11f1873e2db0dcf10a97/oa-127-big-Data.db
470546064	/work/vcomp-pebble-1tb/cassandra-comprehensive-100g-20260914-141045/vcomp/cassandra-vcomp-fidelity-100g-20260914-141045-vcomp-20260914-144011/data/data/vcomp_100g/kv-d94a1160affe11f1873e2db0dcf10a97/oa-186-big-Data.db
465278049	/work/vcomp-pebble-1tb/cassandra-comprehensive-100g-20260914-141045/vcomp/cassandra-vcomp-fidelity-100g-20260914-141045-vcomp-20260914-144011/data/data/vcomp_100g/kv-d94a1160affe11f1873e2db0dcf10a97/oa-49-big-Data.db
465255990	/work/vcomp-pebble-1tb/cassandra-comprehensive-100g-20260914-141045/vcomp/cassandra-vcomp-fidelity-100g-20260914-141045-vcomp-20260914-144011/data/data/vcomp_100g/kv-d94a1160affe11f1873e2db0dcf10a97/oa-3-big-Data.db
463783563	/work/vcomp-pebble-1tb/cassandra-comprehensive-100g-20260914-141045/vcomp/cassandra-vcomp-fidelity-100g-20260914-141045-vcomp-20260914-144011/data/data/vcomp_100g/kv-d94a1160affe11f1873e2db0dcf10a97/oa-179-big-Data.db
463400667	/work/vcomp-pebble-1tb/cassandra-comprehensive-100g-20260914-141045/vcomp/cassandra-vcomp-fidelity-100g-20260914-141045-vcomp-20260914-144011/data/data/vcomp_100g/kv-d94a1160affe11f1873e2db0dcf10a97/oa-109-big-Data.db
457841439	/work/vcomp-pebble-1tb/cassandra-comprehensive-100g-20260914-141045/vcomp/cassandra-vcomp-fidelity-100g-20260914-141045-vcomp-20260914-144011/data/data/vcomp_100g/kv-d94a1160affe11f1873e2db0dcf10a97/oa-84-big-Data.db
457128864	/work/vcomp-pebble-1tb/cassandra-comprehensive-100g-20260914-141045/vcomp/cassandra-vcomp-fidelity-100g-20260914-141045-vcomp-20260914-144011/data/data/vcomp_100g/kv-d94a1160affe11f1873e2db0dcf10a97/oa-72-big-Data.db
455873436	/work/vcomp-pebble-1tb/cassandra-comprehensive-100g-20260914-141045/vcomp/cassandra-vcomp-fidelity-100g-20260914-141045-vcomp-20260914-144011/data/data/vcomp_100g/kv-d94a1160affe11f1873e2db0dcf10a97/oa-148-big-Data.db
455139324	/work/vcomp-pebble-1tb/cassandra-comprehensive-100g-20260914-141045/vcomp/cassandra-vcomp-fidelity-100g-20260914-141045-vcomp-20260914-144011/data/data/vcomp_100g/kv-d94a1160affe11f1873e2db0dcf10a97/oa-40-big-Data.db
454828635	/work/vcomp-pebble-1tb/cassandra-comprehensive-100g-20260914-141045/vcomp/cassandra-vcomp-fidelity-100g-20260914-141045-vcomp-20260914-144011/data/data/vcomp_100g/kv-d94a1160affe11f1873e2db0dcf10a97/oa-73-big-Data.db
454616649	/work/vcomp-pebble-1tb/cassandra-comprehensive-100g-20260914-141045/vcomp/cassandra-vcomp-fidelity-100g-20260914-141045-vcomp-20260914-144011/data/data/vcomp_100g/kv-d94a1160affe11f1873e2db0dcf10a97/oa-41-big-Data.db
454420818	/work/vcomp-pebble-1tb/cassandra-comprehensive-100g-20260914-141045/vcomp/cassandra-vcomp-fidelity-100g-20260914-141045-vcomp-20260914-144011/data/data/vcomp_100g/kv-d94a1160affe11f1873e2db0dcf10a97/oa-126-big-Data.db
450492993	/work/vcomp-pebble-1tb/cassandra-comprehensive-100g-20260914-141045/vcomp/cassandra-vcomp-fidelity-100g-20260914-141045-vcomp-20260914-144011/data/data/vcomp_100g/kv-d94a1160affe11f1873e2db0dcf10a97/oa-159-big-Data.db
448259274	/work/vcomp-pebble-1tb/cassandra-comprehensive-100g-20260914-141045/vcomp/cassandra-vcomp-fidelity-100g-20260914-141045-vcomp-20260914-144011/data/data/vcomp_100g/kv-d94a1160affe11f1873e2db0dcf10a97/oa-123-big-Data.db
441622413	/work/vcomp-pebble-1tb/cassandra-comprehensive-100g-20260914-141045/vcomp/cassandra-vcomp-fidelity-100g-20260914-141045-vcomp-20260914-144011/data/data/vcomp_100g/kv-d94a1160affe11f1873e2db0dcf10a97/oa-158-big-Data.db
440474058	/work/vcomp-pebble-1tb/cassandra-comprehensive-100g-20260914-141045/vcomp/cassandra-vcomp-fidelity-100g-20260914-141045-vcomp-20260914-144011/data/data/vcomp_100g/kv-d94a1160affe11f1873e2db0dcf10a97/oa-63-big-Data.db
440013807	/work/vcomp-pebble-1tb/cassandra-comprehensive-100g-20260914-141045/vcomp/cassandra-vcomp-fidelity-100g-20260914-141045-vcomp-20260914-144011/data/data/vcomp_100g/kv-d94a1160affe11f1873e2db0dcf10a97/oa-80-big-Data.db
439893531	/work/vcomp-pebble-1tb/cassandra-comprehensive-100g-20260914-141045/vcomp/cassandra-vcomp-fidelity-100g-20260914-141045-vcomp-20260914-144011/data/data/vcomp_100g/kv-d94a1160affe11f1873e2db0dcf10a97/oa-10-big-Data.db
438221322	/work/vcomp-pebble-1tb/cassandra-comprehensive-100g-20260914-141045/vcomp/cassandra-vcomp-fidelity-100g-20260914-141045-vcomp-20260914-144011/data/data/vcomp_100g/kv-d94a1160affe11f1873e2db0dcf10a97/oa-69-big-Data.db
437567670	/work/vcomp-pebble-1tb/cassandra-comprehensive-100g-20260914-141045/vcomp/cassandra-vcomp-fidelity-100g-20260914-141045-vcomp-20260914-144011/data/data/vcomp_100g/kv-d94a1160affe11f1873e2db0dcf10a97/oa-133-big-Data.db
437026824	/work/vcomp-pebble-1tb/cassandra-comprehensive-100g-20260914-141045/vcomp/cassandra-vcomp-fidelity-100g-20260914-141045-vcomp-20260914-144011/data/data/vcomp_100g/kv-d94a1160affe11f1873e2db0dcf10a97/oa-138-big-Data.db
435783384	/work/vcomp-pebble-1tb/cassandra-comprehensive-100g-20260914-141045/vcomp/cassandra-vcomp-fidelity-100g-20260914-141045-vcomp-20260914-144011/data/data/vcomp_100g/kv-d94a1160affe11f1873e2db0dcf10a97/oa-132-big-Data.db
435055041	/work/vcomp-pebble-1tb/cassandra-comprehensive-100g-20260914-141045/vcomp/cassandra-vcomp-fidelity-100g-20260914-141045-vcomp-20260914-144011/data/data/vcomp_100g/kv-d94a1160affe11f1873e2db0dcf10a97/oa-92-big-Data.db
433278981	/work/vcomp-pebble-1tb/cassandra-comprehensive-100g-20260914-141045/vcomp/cassandra-vcomp-fidelity-100g-20260914-141045-vcomp-20260914-144011/data/data/vcomp_100g/kv-d94a1160affe11f1873e2db0dcf10a97/oa-115-big-Data.db
432052587	/work/vcomp-pebble-1tb/cassandra-comprehensive-100g-20260914-141045/vcomp/cassandra-vcomp-fidelity-100g-20260914-141045-vcomp-20260914-144011/data/data/vcomp_100g/kv-d94a1160affe11f1873e2db0dcf10a97/oa-113-big-Data.db
429863184	/work/vcomp-pebble-1tb/cassandra-comprehensive-100g-20260914-141045/vcomp/cassandra-vcomp-fidelity-100g-20260914-141045-vcomp-20260914-144011/data/data/vcomp_100g/kv-d94a1160affe11f1873e2db0dcf10a97/oa-106-big-Data.db
429677343	/work/vcomp-pebble-1tb/cassandra-comprehensive-100g-20260914-141045/vcomp/cassandra-vcomp-fidelity-100g-20260914-141045-vcomp-20260914-144011/data/data/vcomp_100g/kv-d94a1160affe11f1873e2db0dcf10a97/oa-86-big-Data.db
427558158	/work/vcomp-pebble-1tb/cassandra-comprehensive-100g-20260914-141045/vcomp/cassandra-vcomp-fidelity-100g-20260914-141045-vcomp-20260914-144011/data/data/vcomp_100g/kv-d94a1160affe11f1873e2db0dcf10a97/oa-169-big-Data.db
425492352	/work/vcomp-pebble-1tb/cassandra-comprehensive-100g-20260914-141045/vcomp/cassandra-vcomp-fidelity-100g-20260914-141045-vcomp-20260914-144011/data/data/vcomp_100g/kv-d94a1160affe11f1873e2db0dcf10a97/oa-156-big-Data.db
425365425	/work/vcomp-pebble-1tb/cassandra-comprehensive-100g-20260914-141045/vcomp/cassandra-vcomp-fidelity-100g-20260914-141045-vcomp-20260914-144011/data/data/vcomp_100g/kv-d94a1160affe11f1873e2db0dcf10a97/oa-1-big-Data.db
424676772	/work/vcomp-pebble-1tb/cassandra-comprehensive-100g-20260914-141045/vcomp/cassandra-vcomp-fidelity-100g-20260914-141045-vcomp-20260914-144011/data/data/vcomp_100g/kv-d94a1160affe11f1873e2db0dcf10a97/oa-134-big-Data.db
424157742	/work/vcomp-pebble-1tb/cassandra-comprehensive-100g-20260914-141045/vcomp/cassandra-vcomp-fidelity-100g-20260914-141045-vcomp-20260914-144011/data/data/vcomp_100g/kv-d94a1160affe11f1873e2db0dcf10a97/oa-181-big-Data.db
423368010	/work/vcomp-pebble-1tb/cassandra-comprehensive-100g-20260914-141045/vcomp/cassandra-vcomp-fidelity-100g-20260914-141045-vcomp-20260914-144011/data/data/vcomp_100g/kv-d94a1160affe11f1873e2db0dcf10a97/oa-4-big-Data.db
423181413	/work/vcomp-pebble-1tb/cassandra-comprehensive-100g-20260914-141045/vcomp/cassandra-vcomp-fidelity-100g-20260914-141045-vcomp-20260914-144011/data/data/vcomp_100g/kv-d94a1160affe11f1873e2db0dcf10a97/oa-5-big-Data.db
419325246	/work/vcomp-pebble-1tb/cassandra-comprehensive-100g-20260914-141045/vcomp/cassandra-vcomp-fidelity-100g-20260914-141045-vcomp-20260914-144011/data/data/vcomp_100g/kv-d94a1160affe11f1873e2db0dcf10a97/oa-164-big-Data.db
416949057	/work/vcomp-pebble-1tb/cassandra-comprehensive-100g-20260914-141045/vcomp/cassandra-vcomp-fidelity-100g-20260914-141045-vcomp-20260914-144011/data/data/vcomp_100g/kv-d94a1160affe11f1873e2db0dcf10a97/oa-18-big-Data.db
414612567	/work/vcomp-pebble-1tb/cassandra-comprehensive-100g-20260914-141045/vcomp/cassandra-vcomp-fidelity-100g-20260914-141045-vcomp-20260914-144011/data/data/vcomp_100g/kv-d94a1160affe11f1873e2db0dcf10a97/oa-110-big-Data.db
412643124	/work/vcomp-pebble-1tb/cassandra-comprehensive-100g-20260914-141045/vcomp/cassandra-vcomp-fidelity-100g-20260914-141045-vcomp-20260914-144011/data/data/vcomp_100g/kv-d94a1160affe11f1873e2db0dcf10a97/oa-144-big-Data.db
412412427	/work/vcomp-pebble-1tb/cassandra-comprehensive-100g-20260914-141045/vcomp/cassandra-vcomp-fidelity-100g-20260914-141045-vcomp-20260914-144011/data/data/vcomp_100g/kv-d94a1160affe11f1873e2db0dcf10a97/oa-15-big-Data.db
411897924	/work/vcomp-pebble-1tb/cassandra-comprehensive-100g-20260914-141045/vcomp/cassandra-vcomp-fidelity-100g-20260914-141045-vcomp-20260914-144011/data/data/vcomp_100g/kv-d94a1160affe11f1873e2db0dcf10a97/oa-184-big-Data.db
411038604	/work/vcomp-pebble-1tb/cassandra-comprehensive-100g-20260914-141045/vcomp/cassandra-vcomp-fidelity-100g-20260914-141045-vcomp-20260914-144011/data/data/vcomp_100g/kv-d94a1160affe11f1873e2db0dcf10a97/oa-140-big-Data.db
410095854	/work/vcomp-pebble-1tb/cassandra-comprehensive-100g-20260914-141045/vcomp/cassandra-vcomp-fidelity-100g-20260914-141045-vcomp-20260914-144011/data/data/vcomp_100g/kv-d94a1160affe11f1873e2db0dcf10a97/oa-131-big-Data.db
409115925	/work/vcomp-pebble-1tb/cassandra-comprehensive-100g-20260914-141045/vcomp/cassandra-vcomp-fidelity-100g-20260914-141045-vcomp-20260914-144011/data/data/vcomp_100g/kv-d94a1160affe11f1873e2db0dcf10a97/oa-59-big-Data.db
408332376	/work/vcomp-pebble-1tb/cassandra-comprehensive-100g-20260914-141045/vcomp/cassandra-vcomp-fidelity-100g-20260914-141045-vcomp-20260914-144011/data/data/vcomp_100g/kv-d94a1160affe11f1873e2db0dcf10a97/oa-64-big-Data.db
407464938	/work/vcomp-pebble-1tb/cassandra-comprehensive-100g-20260914-141045/vcomp/cassandra-vcomp-fidelity-100g-20260914-141045-vcomp-20260914-144011/data/data/vcomp_100g/kv-d94a1160affe11f1873e2db0dcf10a97/oa-170-big-Data.db
407166588	/work/vcomp-pebble-1tb/cassandra-comprehensive-100g-20260914-141045/vcomp/cassandra-vcomp-fidelity-100g-20260914-141045-vcomp-20260914-144011/data/data/vcomp_100g/kv-d94a1160affe11f1873e2db0dcf10a97/oa-143-big-Data.db
407092554	/work/vcomp-pebble-1tb/cassandra-comprehensive-100g-20260914-141045/vcomp/cassandra-vcomp-fidelity-100g-20260914-141045-vcomp-20260914-144011/data/data/vcomp_100g/kv-d94a1160affe11f1873e2db0dcf10a97/oa-118-big-Data.db
406655784	/work/vcomp-pebble-1tb/cassandra-comprehensive-100g-20260914-141045/vcomp/cassandra-vcomp-fidelity-100g-20260914-141045-vcomp-20260914-144011/data/data/vcomp_100g/kv-d94a1160affe11f1873e2db0dcf10a97/oa-104-big-Data.db
406039932	/work/vcomp-pebble-1tb/cassandra-comprehensive-100g-20260914-141045/vcomp/cassandra-vcomp-fidelity-100g-20260914-141045-vcomp-20260914-144011/data/data/vcomp_100g/kv-d94a1160affe11f1873e2db0dcf10a97/oa-160-big-Data.db
403575489	/work/vcomp-pebble-1tb/cassandra-comprehensive-100g-20260914-141045/vcomp/cassandra-vcomp-fidelity-100g-20260914-141045-vcomp-20260914-144011/data/data/vcomp_100g/kv-d94a1160affe11f1873e2db0dcf10a97/oa-157-big-Data.db
403170831	/work/vcomp-pebble-1tb/cassandra-comprehensive-100g-20260914-141045/vcomp/cassandra-vcomp-fidelity-100g-20260914-141045-vcomp-20260914-144011/data/data/vcomp_100g/kv-d94a1160affe11f1873e2db0dcf10a97/oa-71-big-Data.db
402856956	/work/vcomp-pebble-1tb/cassandra-comprehensive-100g-20260914-141045/vcomp/cassandra-vcomp-fidelity-100g-20260914-141045-vcomp-20260914-144011/data/data/vcomp_100g/kv-d94a1160affe11f1873e2db0dcf10a97/oa-100-big-Data.db
400413132	/work/vcomp-pebble-1tb/cassandra-comprehensive-100g-20260914-141045/vcomp/cassandra-vcomp-fidelity-100g-20260914-141045-vcomp-20260914-144011/data/data/vcomp_100g/kv-d94a1160affe11f1873e2db0dcf10a97/oa-6-big-Data.db
399360969	/work/vcomp-pebble-1tb/cassandra-comprehensive-100g-20260914-141045/vcomp/cassandra-vcomp-fidelity-100g-20260914-141045-vcomp-20260914-144011/data/data/vcomp_100g/kv-d94a1160affe11f1873e2db0dcf10a97/oa-52-big-Data.db
399073923	/work/vcomp-pebble-1tb/cassandra-comprehensive-100g-20260914-141045/vcomp/cassandra-vcomp-fidelity-100g-20260914-141045-vcomp-20260914-144011/data/data/vcomp_100g/kv-d94a1160affe11f1873e2db0dcf10a97/oa-146-big-Data.db
397550862	/work/vcomp-pebble-1tb/cassandra-comprehensive-100g-20260914-141045/vcomp/cassandra-vcomp-fidelity-100g-20260914-141045-vcomp-20260914-144011/data/data/vcomp_100g/kv-d94a1160affe11f1873e2db0dcf10a97/oa-149-big-Data.db
397501596	/work/vcomp-pebble-1tb/cassandra-comprehensive-100g-20260914-141045/vcomp/cassandra-vcomp-fidelity-100g-20260914-141045-vcomp-20260914-144011/data/data/vcomp_100g/kv-d94a1160affe11f1873e2db0dcf10a97/oa-79-big-Data.db
396114147	/work/vcomp-pebble-1tb/cassandra-comprehensive-100g-20260914-141045/vcomp/cassandra-vcomp-fidelity-100g-20260914-141045-vcomp-20260914-144011/data/data/vcomp_100g/kv-d94a1160affe11f1873e2db0dcf10a97/oa-145-big-Data.db
395271576	/work/vcomp-pebble-1tb/cassandra-comprehensive-100g-20260914-141045/vcomp/cassandra-vcomp-fidelity-100g-20260914-141045-vcomp-20260914-144011/data/data/vcomp_100g/kv-d94a1160affe11f1873e2db0dcf10a97/oa-33-big-Data.db
395266590	/work/vcomp-pebble-1tb/cassandra-comprehensive-100g-20260914-141045/vcomp/cassandra-vcomp-fidelity-100g-20260914-141045-vcomp-20260914-144011/data/data/vcomp_100g/kv-d94a1160affe11f1873e2db0dcf10a97/oa-22-big-Data.db
395149500	/work/vcomp-pebble-1tb/cassandra-comprehensive-100g-20260914-141045/vcomp/cassandra-vcomp-fidelity-100g-20260914-141045-vcomp-20260914-144011/data/data/vcomp_100g/kv-d94a1160affe11f1873e2db0dcf10a97/oa-16-big-Data.db
394559442	/work/vcomp-pebble-1tb/cassandra-comprehensive-100g-20260914-141045/vcomp/cassandra-vcomp-fidelity-100g-20260914-141045-vcomp-20260914-144011/data/data/vcomp_100g/kv-d94a1160affe11f1873e2db0dcf10a97/oa-117-big-Data.db
394086636	/work/vcomp-pebble-1tb/cassandra-comprehensive-100g-20260914-141045/vcomp/cassandra-vcomp-fidelity-100g-20260914-141045-vcomp-20260914-144011/data/data/vcomp_100g/kv-d94a1160affe11f1873e2db0dcf10a97/oa-13-big-Data.db
393737787	/work/vcomp-pebble-1tb/cassandra-comprehensive-100g-20260914-141045/vcomp/cassandra-vcomp-fidelity-100g-20260914-141045-vcomp-20260914-144011/data/data/vcomp_100g/kv-d94a1160affe11f1873e2db0dcf10a97/oa-171-big-Data.db
392932746	/work/vcomp-pebble-1tb/cassandra-comprehensive-100g-20260914-141045/vcomp/cassandra-vcomp-fidelity-100g-20260914-141045-vcomp-20260914-144011/data/data/vcomp_100g/kv-d94a1160affe11f1873e2db0dcf10a97/oa-141-big-Data.db
392478057	/work/vcomp-pebble-1tb/cassandra-comprehensive-100g-20260914-141045/vcomp/cassandra-vcomp-fidelity-100g-20260914-141045-vcomp-20260914-144011/data/data/vcomp_100g/kv-d94a1160affe11f1873e2db0dcf10a97/oa-125-big-Data.db
390573477	/work/vcomp-pebble-1tb/cassandra-comprehensive-100g-20260914-141045/vcomp/cassandra-vcomp-fidelity-100g-20260914-141045-vcomp-20260914-144011/data/data/vcomp_100g/kv-d94a1160affe11f1873e2db0dcf10a97/oa-61-big-Data.db
389792340	/work/vcomp-pebble-1tb/cassandra-comprehensive-100g-20260914-141045/vcomp/cassandra-vcomp-fidelity-100g-20260914-141045-vcomp-20260914-144011/data/data/vcomp_100g/kv-d94a1160affe11f1873e2db0dcf10a97/oa-103-big-Data.db
389404269	/work/vcomp-pebble-1tb/cassandra-comprehensive-100g-20260914-141045/vcomp/cassandra-vcomp-fidelity-100g-20260914-141045-vcomp-20260914-144011/data/data/vcomp_100g/kv-d94a1160affe11f1873e2db0dcf10a97/oa-75-big-Data.db
386211456	/work/vcomp-pebble-1tb/cassandra-comprehensive-100g-20260914-141045/vcomp/cassandra-vcomp-fidelity-100g-20260914-141045-vcomp-20260914-144011/data/data/vcomp_100g/kv-d94a1160affe11f1873e2db0dcf10a97/oa-154-big-Data.db
385490826	/work/vcomp-pebble-1tb/cassandra-comprehensive-100g-20260914-141045/vcomp/cassandra-vcomp-fidelity-100g-20260914-141045-vcomp-20260914-144011/data/data/vcomp_100g/kv-d94a1160affe11f1873e2db0dcf10a97/oa-12-big-Data.db
382977711	/work/vcomp-pebble-1tb/cassandra-comprehensive-100g-20260914-141045/vcomp/cassandra-vcomp-fidelity-100g-20260914-141045-vcomp-20260914-144011/data/data/vcomp_100g/kv-d94a1160affe11f1873e2db0dcf10a97/oa-42-big-Data.db
381663549	/work/vcomp-pebble-1tb/cassandra-comprehensive-100g-20260914-141045/vcomp/cassandra-vcomp-fidelity-100g-20260914-141045-vcomp-20260914-144011/data/data/vcomp_100g/kv-d94a1160affe11f1873e2db0dcf10a97/oa-81-big-Data.db
370694412	/work/vcomp-pebble-1tb/cassandra-comprehensive-100g-20260914-141045/vcomp/cassandra-vcomp-fidelity-100g-20260914-141045-vcomp-20260914-144011/data/data/vcomp_100g/kv-d94a1160affe11f1873e2db0dcf10a97/oa-142-big-Data.db
368759043	/work/vcomp-pebble-1tb/cassandra-comprehensive-100g-20260914-141045/vcomp/cassandra-vcomp-fidelity-100g-20260914-141045-vcomp-20260914-144011/data/data/vcomp_100g/kv-d94a1160affe11f1873e2db0dcf10a97/oa-9-big-Data.db
366519168	/work/vcomp-pebble-1tb/cassandra-comprehensive-100g-20260914-141045/vcomp/cassandra-vcomp-fidelity-100g-20260914-141045-vcomp-20260914-144011/data/data/vcomp_100g/kv-d94a1160affe11f1873e2db0dcf10a97/oa-27-big-Data.db
365667444	/work/vcomp-pebble-1tb/cassandra-comprehensive-100g-20260914-141045/vcomp/cassandra-vcomp-fidelity-100g-20260914-141045-vcomp-20260914-144011/data/data/vcomp_100g/kv-d94a1160affe11f1873e2db0dcf10a97/oa-26-big-Data.db
365168412	/work/vcomp-pebble-1tb/cassandra-comprehensive-100g-20260914-141045/vcomp/cassandra-vcomp-fidelity-100g-20260914-141045-vcomp-20260914-144011/data/data/vcomp_100g/kv-d94a1160affe11f1873e2db0dcf10a97/oa-19-big-Data.db
362401011	/work/vcomp-pebble-1tb/cassandra-comprehensive-100g-20260914-141045/vcomp/cassandra-vcomp-fidelity-100g-20260914-141045-vcomp-20260914-144011/data/data/vcomp_100g/kv-d94a1160affe11f1873e2db0dcf10a97/oa-62-big-Data.db
358868421	/work/vcomp-pebble-1tb/cassandra-comprehensive-100g-20260914-141045/vcomp/cassandra-vcomp-fidelity-100g-20260914-141045-vcomp-20260914-144011/data/data/vcomp_100g/kv-d94a1160affe11f1873e2db0dcf10a97/oa-57-big-Data.db
357909651	/work/vcomp-pebble-1tb/cassandra-comprehensive-100g-20260914-141045/vcomp/cassandra-vcomp-fidelity-100g-20260914-141045-vcomp-20260914-144011/data/data/vcomp_100g/kv-d94a1160affe11f1873e2db0dcf10a97/oa-14-big-Data.db
354949911	/work/vcomp-pebble-1tb/cassandra-comprehensive-100g-20260914-141045/vcomp/cassandra-vcomp-fidelity-100g-20260914-141045-vcomp-20260914-144011/data/data/vcomp_100g/kv-d94a1160affe11f1873e2db0dcf10a97/oa-82-big-Data.db
354363039	/work/vcomp-pebble-1tb/cassandra-comprehensive-100g-20260914-141045/vcomp/cassandra-vcomp-fidelity-100g-20260914-141045-vcomp-20260914-144011/data/data/vcomp_100g/kv-d94a1160affe11f1873e2db0dcf10a97/oa-172-big-Data.db
339618429	/work/vcomp-pebble-1tb/cassandra-comprehensive-100g-20260914-141045/vcomp/cassandra-vcomp-fidelity-100g-20260914-141045-vcomp-20260914-144011/data/data/vcomp_100g/kv-d94a1160affe11f1873e2db0dcf10a97/oa-23-big-Data.db
334909260	/work/vcomp-pebble-1tb/cassandra-comprehensive-100g-20260914-141045/vcomp/cassandra-vcomp-fidelity-100g-20260914-141045-vcomp-20260914-144011/data/data/vcomp_100g/kv-d94a1160affe11f1873e2db0dcf10a97/oa-182-big-Data.db
334736388	/work/vcomp-pebble-1tb/cassandra-comprehensive-100g-20260914-141045/vcomp/cassandra-vcomp-fidelity-100g-20260914-141045-vcomp-20260914-144011/data/data/vcomp_100g/kv-d94a1160affe11f1873e2db0dcf10a97/oa-150-big-Data.db
333291528	/work/vcomp-pebble-1tb/cassandra-comprehensive-100g-20260914-141045/vcomp/cassandra-vcomp-fidelity-100g-20260914-141045-vcomp-20260914-144011/data/data/vcomp_100g/kv-d94a1160affe11f1873e2db0dcf10a97/oa-44-big-Data.db
321660387	/work/vcomp-pebble-1tb/cassandra-comprehensive-100g-20260914-141045/vcomp/cassandra-vcomp-fidelity-100g-20260914-141045-vcomp-20260914-144011/data/data/vcomp_100g/kv-d94a1160affe11f1873e2db0dcf10a97/oa-107-big-Data.db
318202452	/work/vcomp-pebble-1tb/cassandra-comprehensive-100g-20260914-141045/vcomp/cassandra-vcomp-fidelity-100g-20260914-141045-vcomp-20260914-144011/data/data/vcomp_100g/kv-d94a1160affe11f1873e2db0dcf10a97/oa-34-big-Data.db
304285474	/work/vcomp-pebble-1tb/cassandra-comprehensive-100g-20260914-141045/vcomp/cassandra-vcomp-fidelity-100g-20260914-141045-vcomp-20260914-144011/data/data/vcomp_100g/kv-d94a1160affe11f1873e2db0dcf10a97/oa-189-big-Data.db
293484077	/work/vcomp-pebble-1tb/cassandra-comprehensive-100g-20260914-141045/vcomp/cassandra-vcomp-fidelity-100g-20260914-141045-vcomp-20260914-144011/data/data/vcomp_100g/kv-d94a1160affe11f1873e2db0dcf10a97/oa-190-big-Data.db
288925785	/work/vcomp-pebble-1tb/cassandra-comprehensive-100g-20260914-141045/vcomp/cassandra-vcomp-fidelity-100g-20260914-141045-vcomp-20260914-144011/data/data/vcomp_100g/kv-d94a1160affe11f1873e2db0dcf10a97/oa-124-big-Data.db
282356532	/work/vcomp-pebble-1tb/cassandra-comprehensive-100g-20260914-141045/vcomp/cassandra-vcomp-fidelity-100g-20260914-141045-vcomp-20260914-144011/data/data/vcomp_100g/kv-d94a1160affe11f1873e2db0dcf10a97/oa-28-big-Data.db
269751546	/work/vcomp-pebble-1tb/cassandra-comprehensive-100g-20260914-141045/vcomp/cassandra-vcomp-fidelity-100g-20260914-141045-vcomp-20260914-144011/data/data/vcomp_100g/kv-d94a1160affe11f1873e2db0dcf10a97/oa-137-big-Data.db
265773222	/work/vcomp-pebble-1tb/cassandra-comprehensive-100g-20260914-141045/vcomp/cassandra-vcomp-fidelity-100g-20260914-141045-vcomp-20260914-144011/data/data/vcomp_100g/kv-d94a1160affe11f1873e2db0dcf10a97/oa-173-big-Data.db
262645101	/work/vcomp-pebble-1tb/cassandra-comprehensive-100g-20260914-141045/vcomp/cassandra-vcomp-fidelity-100g-20260914-141045-vcomp-20260914-144011/data/data/vcomp_100g/kv-d94a1160affe11f1873e2db0dcf10a97/oa-11-big-Data.db
252714771	/work/vcomp-pebble-1tb/cassandra-comprehensive-100g-20260914-141045/vcomp/cassandra-vcomp-fidelity-100g-20260914-141045-vcomp-20260914-144011/data/data/vcomp_100g/kv-d94a1160affe11f1873e2db0dcf10a97/oa-39-big-Data.db
243461844	/work/vcomp-pebble-1tb/cassandra-comprehensive-100g-20260914-141045/vcomp/cassandra-vcomp-fidelity-100g-20260914-141045-vcomp-20260914-144011/data/data/vcomp_100g/kv-d94a1160affe11f1873e2db0dcf10a97/oa-46-big-Data.db
243321732	/work/vcomp-pebble-1tb/cassandra-comprehensive-100g-20260914-141045/vcomp/cassandra-vcomp-fidelity-100g-20260914-141045-vcomp-20260914-144011/data/data/vcomp_100g/kv-d94a1160affe11f1873e2db0dcf10a97/oa-85-big-Data.db
235209024	/work/vcomp-pebble-1tb/cassandra-comprehensive-100g-20260914-141045/vcomp/cassandra-vcomp-fidelity-100g-20260914-141045-vcomp-20260914-144011/data/data/vcomp_100g/kv-d94a1160affe11f1873e2db0dcf10a97/oa-70-big-Data.db
208649565	/work/vcomp-pebble-1tb/cassandra-comprehensive-100g-20260914-141045/vcomp/cassandra-vcomp-fidelity-100g-20260914-141045-vcomp-20260914-144011/data/data/vcomp_100g/kv-d94a1160affe11f1873e2db0dcf10a97/oa-35-big-Data.db
208395990	/work/vcomp-pebble-1tb/cassandra-comprehensive-100g-20260914-141045/vcomp/cassandra-vcomp-fidelity-100g-20260914-141045-vcomp-20260914-144011/data/data/vcomp_100g/kv-d94a1160affe11f1873e2db0dcf10a97/oa-111-big-Data.db
195911370	/work/vcomp-pebble-1tb/cassandra-comprehensive-100g-20260914-141045/vcomp/cassandra-vcomp-fidelity-100g-20260914-141045-vcomp-20260914-144011/data/data/vcomp_100g/kv-d94a1160affe11f1873e2db0dcf10a97/oa-58-big-Data.db
191555055	/work/vcomp-pebble-1tb/cassandra-comprehensive-100g-20260914-141045/vcomp/cassandra-vcomp-fidelity-100g-20260914-141045-vcomp-20260914-144011/data/data/vcomp_100g/kv-d94a1160affe11f1873e2db0dcf10a97/oa-65-big-Data.db
140002164	/work/vcomp-pebble-1tb/cassandra-comprehensive-100g-20260914-141045/vcomp/cassandra-vcomp-fidelity-100g-20260914-141045-vcomp-20260914-144011/data/data/vcomp_100g/kv-d94a1160affe11f1873e2db0dcf10a97/oa-95-big-Data.db
86260500	/work/vcomp-pebble-1tb/cassandra-comprehensive-100g-20260914-141045/vcomp/cassandra-vcomp-fidelity-100g-20260914-141045-vcomp-20260914-144011/data/data/vcomp_100g/kv-d94a1160affe11f1873e2db0dcf10a97/oa-128-big-Data.db
