631035132	/work/vcomp-pebble-1tb/cassandra-fidelity-100g-20260914-111023/baseline/cassandra-baseline-fidelity-100g-20260914-111023-baseline-20260914-111031/data/data/baseline_100g/kv-90bbb880afe111f185b8a9aeb5d97330/oa-2913-big-Data.db
626917467	/work/vcomp-pebble-1tb/cassandra-fidelity-100g-20260914-111023/baseline/cassandra-baseline-fidelity-100g-20260914-111023-baseline-20260914-111031/data/data/baseline_100g/kv-90bbb880afe111f185b8a9aeb5d97330/oa-2892-big-Data.db
626385084	/work/vcomp-pebble-1tb/cassandra-fidelity-100g-20260914-111023/baseline/cassandra-baseline-fidelity-100g-20260914-111023-baseline-20260914-111031/data/data/baseline_100g/kv-90bbb880afe111f185b8a9aeb5d97330/oa-2894-big-Data.db
620795635	/work/vcomp-pebble-1tb/cassandra-fidelity-100g-20260914-111023/baseline/cassandra-baseline-fidelity-100g-20260914-111023-baseline-20260914-111031/data/data/baseline_100g/kv-90bbb880afe111f185b8a9aeb5d97330/oa-2927-big-Data.db
617357835	/work/vcomp-pebble-1tb/cassandra-fidelity-100g-20260914-111023/baseline/cassandra-baseline-fidelity-100g-20260914-111023-baseline-20260914-111031/data/data/baseline_100g/kv-90bbb880afe111f185b8a9aeb5d97330/oa-2932-big-Data.db
612920360	/work/vcomp-pebble-1tb/cassandra-fidelity-100g-20260914-111023/baseline/cassandra-baseline-fidelity-100g-20260914-111023-baseline-20260914-111031/data/data/baseline_100g/kv-90bbb880afe111f185b8a9aeb5d97330/oa-2908-big-Data.db
610614851	/work/vcomp-pebble-1tb/cassandra-fidelity-100g-20260914-111023/baseline/cassandra-baseline-fidelity-100g-20260914-111023-baseline-20260914-111031/data/data/baseline_100g/kv-90bbb880afe111f185b8a9aeb5d97330/oa-2933-big-Data.db
610513126	/work/vcomp-pebble-1tb/cassandra-fidelity-100g-20260914-111023/baseline/cassandra-baseline-fidelity-100g-20260914-111023-baseline-20260914-111031/data/data/baseline_100g/kv-90bbb880afe111f185b8a9aeb5d97330/oa-2958-big-Data.db
606820822	/work/vcomp-pebble-1tb/cassandra-fidelity-100g-20260914-111023/baseline/cassandra-baseline-fidelity-100g-20260914-111023-baseline-20260914-111031/data/data/baseline_100g/kv-90bbb880afe111f185b8a9aeb5d97330/oa-2806-big-Data.db
606428498	/work/vcomp-pebble-1tb/cassandra-fidelity-100g-20260914-111023/baseline/cassandra-baseline-fidelity-100g-20260914-111023-baseline-20260914-111031/data/data/baseline_100g/kv-90bbb880afe111f185b8a9aeb5d97330/oa-2893-big-Data.db
603762350	/work/vcomp-pebble-1tb/cassandra-fidelity-100g-20260914-111023/baseline/cassandra-baseline-fidelity-100g-20260914-111023-baseline-20260914-111031/data/data/baseline_100g/kv-90bbb880afe111f185b8a9aeb5d97330/oa-2880-big-Data.db
602865252	/work/vcomp-pebble-1tb/cassandra-fidelity-100g-20260914-111023/baseline/cassandra-baseline-fidelity-100g-20260914-111023-baseline-20260914-111031/data/data/baseline_100g/kv-90bbb880afe111f185b8a9aeb5d97330/oa-2962-big-Data.db
593894767	/work/vcomp-pebble-1tb/cassandra-fidelity-100g-20260914-111023/baseline/cassandra-baseline-fidelity-100g-20260914-111023-baseline-20260914-111031/data/data/baseline_100g/kv-90bbb880afe111f185b8a9aeb5d97330/oa-2840-big-Data.db
593532916	/work/vcomp-pebble-1tb/cassandra-fidelity-100g-20260914-111023/baseline/cassandra-baseline-fidelity-100g-20260914-111023-baseline-20260914-111031/data/data/baseline_100g/kv-90bbb880afe111f185b8a9aeb5d97330/oa-2937-big-Data.db
592092893	/work/vcomp-pebble-1tb/cassandra-fidelity-100g-20260914-111023/baseline/cassandra-baseline-fidelity-100g-20260914-111023-baseline-20260914-111031/data/data/baseline_100g/kv-90bbb880afe111f185b8a9aeb5d97330/oa-2906-big-Data.db
587756316	/work/vcomp-pebble-1tb/cassandra-fidelity-100g-20260914-111023/baseline/cassandra-baseline-fidelity-100g-20260914-111023-baseline-20260914-111031/data/data/baseline_100g/kv-90bbb880afe111f185b8a9aeb5d97330/oa-2938-big-Data.db
587340892	/work/vcomp-pebble-1tb/cassandra-fidelity-100g-20260914-111023/baseline/cassandra-baseline-fidelity-100g-20260914-111023-baseline-20260914-111031/data/data/baseline_100g/kv-90bbb880afe111f185b8a9aeb5d97330/oa-2912-big-Data.db
586153641	/work/vcomp-pebble-1tb/cassandra-fidelity-100g-20260914-111023/baseline/cassandra-baseline-fidelity-100g-20260914-111023-baseline-20260914-111031/data/data/baseline_100g/kv-90bbb880afe111f185b8a9aeb5d97330/oa-2869-big-Data.db
584664331	/work/vcomp-pebble-1tb/cassandra-fidelity-100g-20260914-111023/baseline/cassandra-baseline-fidelity-100g-20260914-111023-baseline-20260914-111031/data/data/baseline_100g/kv-90bbb880afe111f185b8a9aeb5d97330/oa-2930-big-Data.db
577993902	/work/vcomp-pebble-1tb/cassandra-fidelity-100g-20260914-111023/baseline/cassandra-baseline-fidelity-100g-20260914-111023-baseline-20260914-111031/data/data/baseline_100g/kv-90bbb880afe111f185b8a9aeb5d97330/oa-2901-big-Data.db
574460857	/work/vcomp-pebble-1tb/cassandra-fidelity-100g-20260914-111023/baseline/cassandra-baseline-fidelity-100g-20260914-111023-baseline-20260914-111031/data/data/baseline_100g/kv-90bbb880afe111f185b8a9aeb5d97330/oa-2969-big-Data.db
572952190	/work/vcomp-pebble-1tb/cassandra-fidelity-100g-20260914-111023/baseline/cassandra-baseline-fidelity-100g-20260914-111023-baseline-20260914-111031/data/data/baseline_100g/kv-90bbb880afe111f185b8a9aeb5d97330/oa-2929-big-Data.db
571550416	/work/vcomp-pebble-1tb/cassandra-fidelity-100g-20260914-111023/baseline/cassandra-baseline-fidelity-100g-20260914-111023-baseline-20260914-111031/data/data/baseline_100g/kv-90bbb880afe111f185b8a9aeb5d97330/oa-2815-big-Data.db
564403539	/work/vcomp-pebble-1tb/cassandra-fidelity-100g-20260914-111023/baseline/cassandra-baseline-fidelity-100g-20260914-111023-baseline-20260914-111031/data/data/baseline_100g/kv-90bbb880afe111f185b8a9aeb5d97330/oa-2921-big-Data.db
559546787	/work/vcomp-pebble-1tb/cassandra-fidelity-100g-20260914-111023/baseline/cassandra-baseline-fidelity-100g-20260914-111023-baseline-20260914-111031/data/data/baseline_100g/kv-90bbb880afe111f185b8a9aeb5d97330/oa-2877-big-Data.db
558057502	/work/vcomp-pebble-1tb/cassandra-fidelity-100g-20260914-111023/baseline/cassandra-baseline-fidelity-100g-20260914-111023-baseline-20260914-111031/data/data/baseline_100g/kv-90bbb880afe111f185b8a9aeb5d97330/oa-2801-big-Data.db
553504704	/work/vcomp-pebble-1tb/cassandra-fidelity-100g-20260914-111023/baseline/cassandra-baseline-fidelity-100g-20260914-111023-baseline-20260914-111031/data/data/baseline_100g/kv-90bbb880afe111f185b8a9aeb5d97330/oa-2948-big-Data.db
553011439	/work/vcomp-pebble-1tb/cassandra-fidelity-100g-20260914-111023/baseline/cassandra-baseline-fidelity-100g-20260914-111023-baseline-20260914-111031/data/data/baseline_100g/kv-90bbb880afe111f185b8a9aeb5d97330/oa-2904-big-Data.db
550372986	/work/vcomp-pebble-1tb/cassandra-fidelity-100g-20260914-111023/baseline/cassandra-baseline-fidelity-100g-20260914-111023-baseline-20260914-111031/data/data/baseline_100g/kv-90bbb880afe111f185b8a9aeb5d97330/oa-2952-big-Data.db
550346222	/work/vcomp-pebble-1tb/cassandra-fidelity-100g-20260914-111023/baseline/cassandra-baseline-fidelity-100g-20260914-111023-baseline-20260914-111031/data/data/baseline_100g/kv-90bbb880afe111f185b8a9aeb5d97330/oa-2957-big-Data.db
548008911	/work/vcomp-pebble-1tb/cassandra-fidelity-100g-20260914-111023/baseline/cassandra-baseline-fidelity-100g-20260914-111023-baseline-20260914-111031/data/data/baseline_100g/kv-90bbb880afe111f185b8a9aeb5d97330/oa-2824-big-Data.db
547615974	/work/vcomp-pebble-1tb/cassandra-fidelity-100g-20260914-111023/baseline/cassandra-baseline-fidelity-100g-20260914-111023-baseline-20260914-111031/data/data/baseline_100g/kv-90bbb880afe111f185b8a9aeb5d97330/oa-2878-big-Data.db
547558058	/work/vcomp-pebble-1tb/cassandra-fidelity-100g-20260914-111023/baseline/cassandra-baseline-fidelity-100g-20260914-111023-baseline-20260914-111031/data/data/baseline_100g/kv-90bbb880afe111f185b8a9aeb5d97330/oa-2928-big-Data.db
547278914	/work/vcomp-pebble-1tb/cassandra-fidelity-100g-20260914-111023/baseline/cassandra-baseline-fidelity-100g-20260914-111023-baseline-20260914-111031/data/data/baseline_100g/kv-90bbb880afe111f185b8a9aeb5d97330/oa-2924-big-Data.db
547136049	/work/vcomp-pebble-1tb/cassandra-fidelity-100g-20260914-111023/baseline/cassandra-baseline-fidelity-100g-20260914-111023-baseline-20260914-111031/data/data/baseline_100g/kv-90bbb880afe111f185b8a9aeb5d97330/oa-2767-big-Data.db
546964333	/work/vcomp-pebble-1tb/cassandra-fidelity-100g-20260914-111023/baseline/cassandra-baseline-fidelity-100g-20260914-111023-baseline-20260914-111031/data/data/baseline_100g/kv-90bbb880afe111f185b8a9aeb5d97330/oa-2935-big-Data.db
546410108	/work/vcomp-pebble-1tb/cassandra-fidelity-100g-20260914-111023/baseline/cassandra-baseline-fidelity-100g-20260914-111023-baseline-20260914-111031/data/data/baseline_100g/kv-90bbb880afe111f185b8a9aeb5d97330/oa-2961-big-Data.db
546283046	/work/vcomp-pebble-1tb/cassandra-fidelity-100g-20260914-111023/baseline/cassandra-baseline-fidelity-100g-20260914-111023-baseline-20260914-111031/data/data/baseline_100g/kv-90bbb880afe111f185b8a9aeb5d97330/oa-2872-big-Data.db
544057229	/work/vcomp-pebble-1tb/cassandra-fidelity-100g-20260914-111023/baseline/cassandra-baseline-fidelity-100g-20260914-111023-baseline-20260914-111031/data/data/baseline_100g/kv-90bbb880afe111f185b8a9aeb5d97330/oa-2980-big-Data.db
543862843	/work/vcomp-pebble-1tb/cassandra-fidelity-100g-20260914-111023/baseline/cassandra-baseline-fidelity-100g-20260914-111023-baseline-20260914-111031/data/data/baseline_100g/kv-90bbb880afe111f185b8a9aeb5d97330/oa-2967-big-Data.db
543711581	/work/vcomp-pebble-1tb/cassandra-fidelity-100g-20260914-111023/baseline/cassandra-baseline-fidelity-100g-20260914-111023-baseline-20260914-111031/data/data/baseline_100g/kv-90bbb880afe111f185b8a9aeb5d97330/oa-2974-big-Data.db
543521107	/work/vcomp-pebble-1tb/cassandra-fidelity-100g-20260914-111023/baseline/cassandra-baseline-fidelity-100g-20260914-111023-baseline-20260914-111031/data/data/baseline_100g/kv-90bbb880afe111f185b8a9aeb5d97330/oa-2866-big-Data.db
540611769	/work/vcomp-pebble-1tb/cassandra-fidelity-100g-20260914-111023/baseline/cassandra-baseline-fidelity-100g-20260914-111023-baseline-20260914-111031/data/data/baseline_100g/kv-90bbb880afe111f185b8a9aeb5d97330/oa-2922-big-Data.db
536878144	/work/vcomp-pebble-1tb/cassandra-fidelity-100g-20260914-111023/baseline/cassandra-baseline-fidelity-100g-20260914-111023-baseline-20260914-111031/data/data/baseline_100g/kv-90bbb880afe111f185b8a9aeb5d97330/oa-2940-big-Data.db
534342390	/work/vcomp-pebble-1tb/cassandra-fidelity-100g-20260914-111023/baseline/cassandra-baseline-fidelity-100g-20260914-111023-baseline-20260914-111031/data/data/baseline_100g/kv-90bbb880afe111f185b8a9aeb5d97330/oa-2941-big-Data.db
533782698	/work/vcomp-pebble-1tb/cassandra-fidelity-100g-20260914-111023/baseline/cassandra-baseline-fidelity-100g-20260914-111023-baseline-20260914-111031/data/data/baseline_100g/kv-90bbb880afe111f185b8a9aeb5d97330/oa-2910-big-Data.db
533642510	/work/vcomp-pebble-1tb/cassandra-fidelity-100g-20260914-111023/baseline/cassandra-baseline-fidelity-100g-20260914-111023-baseline-20260914-111031/data/data/baseline_100g/kv-90bbb880afe111f185b8a9aeb5d97330/oa-2917-big-Data.db
529705779	/work/vcomp-pebble-1tb/cassandra-fidelity-100g-20260914-111023/baseline/cassandra-baseline-fidelity-100g-20260914-111023-baseline-20260914-111031/data/data/baseline_100g/kv-90bbb880afe111f185b8a9aeb5d97330/oa-2891-big-Data.db
527530983	/work/vcomp-pebble-1tb/cassandra-fidelity-100g-20260914-111023/baseline/cassandra-baseline-fidelity-100g-20260914-111023-baseline-20260914-111031/data/data/baseline_100g/kv-90bbb880afe111f185b8a9aeb5d97330/oa-2896-big-Data.db
526810902	/work/vcomp-pebble-1tb/cassandra-fidelity-100g-20260914-111023/baseline/cassandra-baseline-fidelity-100g-20260914-111023-baseline-20260914-111031/data/data/baseline_100g/kv-90bbb880afe111f185b8a9aeb5d97330/oa-2968-big-Data.db
524834476	/work/vcomp-pebble-1tb/cassandra-fidelity-100g-20260914-111023/baseline/cassandra-baseline-fidelity-100g-20260914-111023-baseline-20260914-111031/data/data/baseline_100g/kv-90bbb880afe111f185b8a9aeb5d97330/oa-2939-big-Data.db
524353514	/work/vcomp-pebble-1tb/cassandra-fidelity-100g-20260914-111023/baseline/cassandra-baseline-fidelity-100g-20260914-111023-baseline-20260914-111031/data/data/baseline_100g/kv-90bbb880afe111f185b8a9aeb5d97330/oa-2931-big-Data.db
524174881	/work/vcomp-pebble-1tb/cassandra-fidelity-100g-20260914-111023/baseline/cassandra-baseline-fidelity-100g-20260914-111023-baseline-20260914-111031/data/data/baseline_100g/kv-90bbb880afe111f185b8a9aeb5d97330/oa-2888-big-Data.db
523937699	/work/vcomp-pebble-1tb/cassandra-fidelity-100g-20260914-111023/baseline/cassandra-baseline-fidelity-100g-20260914-111023-baseline-20260914-111031/data/data/baseline_100g/kv-90bbb880afe111f185b8a9aeb5d97330/oa-2955-big-Data.db
520941910	/work/vcomp-pebble-1tb/cassandra-fidelity-100g-20260914-111023/baseline/cassandra-baseline-fidelity-100g-20260914-111023-baseline-20260914-111031/data/data/baseline_100g/kv-90bbb880afe111f185b8a9aeb5d97330/oa-2960-big-Data.db
520702991	/work/vcomp-pebble-1tb/cassandra-fidelity-100g-20260914-111023/baseline/cassandra-baseline-fidelity-100g-20260914-111023-baseline-20260914-111031/data/data/baseline_100g/kv-90bbb880afe111f185b8a9aeb5d97330/oa-2885-big-Data.db
520511428	/work/vcomp-pebble-1tb/cassandra-fidelity-100g-20260914-111023/baseline/cassandra-baseline-fidelity-100g-20260914-111023-baseline-20260914-111031/data/data/baseline_100g/kv-90bbb880afe111f185b8a9aeb5d97330/oa-2970-big-Data.db
520509120	/work/vcomp-pebble-1tb/cassandra-fidelity-100g-20260914-111023/baseline/cassandra-baseline-fidelity-100g-20260914-111023-baseline-20260914-111031/data/data/baseline_100g/kv-90bbb880afe111f185b8a9aeb5d97330/oa-2951-big-Data.db
520115389	/work/vcomp-pebble-1tb/cassandra-fidelity-100g-20260914-111023/baseline/cassandra-baseline-fidelity-100g-20260914-111023-baseline-20260914-111031/data/data/baseline_100g/kv-90bbb880afe111f185b8a9aeb5d97330/oa-2914-big-Data.db
517193800	/work/vcomp-pebble-1tb/cassandra-fidelity-100g-20260914-111023/baseline/cassandra-baseline-fidelity-100g-20260914-111023-baseline-20260914-111031/data/data/baseline_100g/kv-90bbb880afe111f185b8a9aeb5d97330/oa-2936-big-Data.db
516711292	/work/vcomp-pebble-1tb/cassandra-fidelity-100g-20260914-111023/baseline/cassandra-baseline-fidelity-100g-20260914-111023-baseline-20260914-111031/data/data/baseline_100g/kv-90bbb880afe111f185b8a9aeb5d97330/oa-2973-big-Data.db
515560469	/work/vcomp-pebble-1tb/cassandra-fidelity-100g-20260914-111023/baseline/cassandra-baseline-fidelity-100g-20260914-111023-baseline-20260914-111031/data/data/baseline_100g/kv-90bbb880afe111f185b8a9aeb5d97330/oa-2796-big-Data.db
514303815	/work/vcomp-pebble-1tb/cassandra-fidelity-100g-20260914-111023/baseline/cassandra-baseline-fidelity-100g-20260914-111023-baseline-20260914-111031/data/data/baseline_100g/kv-90bbb880afe111f185b8a9aeb5d97330/oa-2934-big-Data.db
513842680	/work/vcomp-pebble-1tb/cassandra-fidelity-100g-20260914-111023/baseline/cassandra-baseline-fidelity-100g-20260914-111023-baseline-20260914-111031/data/data/baseline_100g/kv-90bbb880afe111f185b8a9aeb5d97330/oa-2813-big-Data.db
513806732	/work/vcomp-pebble-1tb/cassandra-fidelity-100g-20260914-111023/baseline/cassandra-baseline-fidelity-100g-20260914-111023-baseline-20260914-111031/data/data/baseline_100g/kv-90bbb880afe111f185b8a9aeb5d97330/oa-2920-big-Data.db
512135960	/work/vcomp-pebble-1tb/cassandra-fidelity-100g-20260914-111023/baseline/cassandra-baseline-fidelity-100g-20260914-111023-baseline-20260914-111031/data/data/baseline_100g/kv-90bbb880afe111f185b8a9aeb5d97330/oa-2811-big-Data.db
510407339	/work/vcomp-pebble-1tb/cassandra-fidelity-100g-20260914-111023/baseline/cassandra-baseline-fidelity-100g-20260914-111023-baseline-20260914-111031/data/data/baseline_100g/kv-90bbb880afe111f185b8a9aeb5d97330/oa-2963-big-Data.db
506498059	/work/vcomp-pebble-1tb/cassandra-fidelity-100g-20260914-111023/baseline/cassandra-baseline-fidelity-100g-20260914-111023-baseline-20260914-111031/data/data/baseline_100g/kv-90bbb880afe111f185b8a9aeb5d97330/oa-2889-big-Data.db
503486323	/work/vcomp-pebble-1tb/cassandra-fidelity-100g-20260914-111023/baseline/cassandra-baseline-fidelity-100g-20260914-111023-baseline-20260914-111031/data/data/baseline_100g/kv-90bbb880afe111f185b8a9aeb5d97330/oa-2979-big-Data.db
502566824	/work/vcomp-pebble-1tb/cassandra-fidelity-100g-20260914-111023/baseline/cassandra-baseline-fidelity-100g-20260914-111023-baseline-20260914-111031/data/data/baseline_100g/kv-90bbb880afe111f185b8a9aeb5d97330/oa-2577-big-Data.db
502122803	/work/vcomp-pebble-1tb/cassandra-fidelity-100g-20260914-111023/baseline/cassandra-baseline-fidelity-100g-20260914-111023-baseline-20260914-111031/data/data/baseline_100g/kv-90bbb880afe111f185b8a9aeb5d97330/oa-2781-big-Data.db
501117123	/work/vcomp-pebble-1tb/cassandra-fidelity-100g-20260914-111023/baseline/cassandra-baseline-fidelity-100g-20260914-111023-baseline-20260914-111031/data/data/baseline_100g/kv-90bbb880afe111f185b8a9aeb5d97330/oa-2870-big-Data.db
500609673	/work/vcomp-pebble-1tb/cassandra-fidelity-100g-20260914-111023/baseline/cassandra-baseline-fidelity-100g-20260914-111023-baseline-20260914-111031/data/data/baseline_100g/kv-90bbb880afe111f185b8a9aeb5d97330/oa-2953-big-Data.db
500392888	/work/vcomp-pebble-1tb/cassandra-fidelity-100g-20260914-111023/baseline/cassandra-baseline-fidelity-100g-20260914-111023-baseline-20260914-111031/data/data/baseline_100g/kv-90bbb880afe111f185b8a9aeb5d97330/oa-2946-big-Data.db
500275337	/work/vcomp-pebble-1tb/cassandra-fidelity-100g-20260914-111023/baseline/cassandra-baseline-fidelity-100g-20260914-111023-baseline-20260914-111031/data/data/baseline_100g/kv-90bbb880afe111f185b8a9aeb5d97330/oa-2873-big-Data.db
498023092	/work/vcomp-pebble-1tb/cassandra-fidelity-100g-20260914-111023/baseline/cassandra-baseline-fidelity-100g-20260914-111023-baseline-20260914-111031/data/data/baseline_100g/kv-90bbb880afe111f185b8a9aeb5d97330/oa-2943-big-Data.db
497361283	/work/vcomp-pebble-1tb/cassandra-fidelity-100g-20260914-111023/baseline/cassandra-baseline-fidelity-100g-20260914-111023-baseline-20260914-111031/data/data/baseline_100g/kv-90bbb880afe111f185b8a9aeb5d97330/oa-2794-big-Data.db
497014220	/work/vcomp-pebble-1tb/cassandra-fidelity-100g-20260914-111023/baseline/cassandra-baseline-fidelity-100g-20260914-111023-baseline-20260914-111031/data/data/baseline_100g/kv-90bbb880afe111f185b8a9aeb5d97330/oa-2950-big-Data.db
496630468	/work/vcomp-pebble-1tb/cassandra-fidelity-100g-20260914-111023/baseline/cassandra-baseline-fidelity-100g-20260914-111023-baseline-20260914-111031/data/data/baseline_100g/kv-90bbb880afe111f185b8a9aeb5d97330/oa-2978-big-Data.db
496524489	/work/vcomp-pebble-1tb/cassandra-fidelity-100g-20260914-111023/baseline/cassandra-baseline-fidelity-100g-20260914-111023-baseline-20260914-111031/data/data/baseline_100g/kv-90bbb880afe111f185b8a9aeb5d97330/oa-2976-big-Data.db
496240127	/work/vcomp-pebble-1tb/cassandra-fidelity-100g-20260914-111023/baseline/cassandra-baseline-fidelity-100g-20260914-111023-baseline-20260914-111031/data/data/baseline_100g/kv-90bbb880afe111f185b8a9aeb5d97330/oa-2971-big-Data.db
494300581	/work/vcomp-pebble-1tb/cassandra-fidelity-100g-20260914-111023/baseline/cassandra-baseline-fidelity-100g-20260914-111023-baseline-20260914-111031/data/data/baseline_100g/kv-90bbb880afe111f185b8a9aeb5d97330/oa-2895-big-Data.db
493843926	/work/vcomp-pebble-1tb/cassandra-fidelity-100g-20260914-111023/baseline/cassandra-baseline-fidelity-100g-20260914-111023-baseline-20260914-111031/data/data/baseline_100g/kv-90bbb880afe111f185b8a9aeb5d97330/oa-2916-big-Data.db
493832724	/work/vcomp-pebble-1tb/cassandra-fidelity-100g-20260914-111023/baseline/cassandra-baseline-fidelity-100g-20260914-111023-baseline-20260914-111031/data/data/baseline_100g/kv-90bbb880afe111f185b8a9aeb5d97330/oa-2919-big-Data.db
493688667	/work/vcomp-pebble-1tb/cassandra-fidelity-100g-20260914-111023/baseline/cassandra-baseline-fidelity-100g-20260914-111023-baseline-20260914-111031/data/data/baseline_100g/kv-90bbb880afe111f185b8a9aeb5d97330/oa-2718-big-Data.db
493560852	/work/vcomp-pebble-1tb/cassandra-fidelity-100g-20260914-111023/baseline/cassandra-baseline-fidelity-100g-20260914-111023-baseline-20260914-111031/data/data/baseline_100g/kv-90bbb880afe111f185b8a9aeb5d97330/oa-2966-big-Data.db
490573204	/work/vcomp-pebble-1tb/cassandra-fidelity-100g-20260914-111023/baseline/cassandra-baseline-fidelity-100g-20260914-111023-baseline-20260914-111031/data/data/baseline_100g/kv-90bbb880afe111f185b8a9aeb5d97330/oa-2900-big-Data.db
489273048	/work/vcomp-pebble-1tb/cassandra-fidelity-100g-20260914-111023/baseline/cassandra-baseline-fidelity-100g-20260914-111023-baseline-20260914-111031/data/data/baseline_100g/kv-90bbb880afe111f185b8a9aeb5d97330/oa-2712-big-Data.db
489073688	/work/vcomp-pebble-1tb/cassandra-fidelity-100g-20260914-111023/baseline/cassandra-baseline-fidelity-100g-20260914-111023-baseline-20260914-111031/data/data/baseline_100g/kv-90bbb880afe111f185b8a9aeb5d97330/oa-2975-big-Data.db
488639999	/work/vcomp-pebble-1tb/cassandra-fidelity-100g-20260914-111023/baseline/cassandra-baseline-fidelity-100g-20260914-111023-baseline-20260914-111031/data/data/baseline_100g/kv-90bbb880afe111f185b8a9aeb5d97330/oa-2812-big-Data.db
487548483	/work/vcomp-pebble-1tb/cassandra-fidelity-100g-20260914-111023/baseline/cassandra-baseline-fidelity-100g-20260914-111023-baseline-20260914-111031/data/data/baseline_100g/kv-90bbb880afe111f185b8a9aeb5d97330/oa-2905-big-Data.db
487423949	/work/vcomp-pebble-1tb/cassandra-fidelity-100g-20260914-111023/baseline/cassandra-baseline-fidelity-100g-20260914-111023-baseline-20260914-111031/data/data/baseline_100g/kv-90bbb880afe111f185b8a9aeb5d97330/oa-2876-big-Data.db
487252734	/work/vcomp-pebble-1tb/cassandra-fidelity-100g-20260914-111023/baseline/cassandra-baseline-fidelity-100g-20260914-111023-baseline-20260914-111031/data/data/baseline_100g/kv-90bbb880afe111f185b8a9aeb5d97330/oa-2898-big-Data.db
486925816	/work/vcomp-pebble-1tb/cassandra-fidelity-100g-20260914-111023/baseline/cassandra-baseline-fidelity-100g-20260914-111023-baseline-20260914-111031/data/data/baseline_100g/kv-90bbb880afe111f185b8a9aeb5d97330/oa-2883-big-Data.db
483941516	/work/vcomp-pebble-1tb/cassandra-fidelity-100g-20260914-111023/baseline/cassandra-baseline-fidelity-100g-20260914-111023-baseline-20260914-111031/data/data/baseline_100g/kv-90bbb880afe111f185b8a9aeb5d97330/oa-2911-big-Data.db
482200246	/work/vcomp-pebble-1tb/cassandra-fidelity-100g-20260914-111023/baseline/cassandra-baseline-fidelity-100g-20260914-111023-baseline-20260914-111031/data/data/baseline_100g/kv-90bbb880afe111f185b8a9aeb5d97330/oa-2809-big-Data.db
481870112	/work/vcomp-pebble-1tb/cassandra-fidelity-100g-20260914-111023/baseline/cassandra-baseline-fidelity-100g-20260914-111023-baseline-20260914-111031/data/data/baseline_100g/kv-90bbb880afe111f185b8a9aeb5d97330/oa-2818-big-Data.db
477905580	/work/vcomp-pebble-1tb/cassandra-fidelity-100g-20260914-111023/baseline/cassandra-baseline-fidelity-100g-20260914-111023-baseline-20260914-111031/data/data/baseline_100g/kv-90bbb880afe111f185b8a9aeb5d97330/oa-2949-big-Data.db
476775532	/work/vcomp-pebble-1tb/cassandra-fidelity-100g-20260914-111023/baseline/cassandra-baseline-fidelity-100g-20260914-111023-baseline-20260914-111031/data/data/baseline_100g/kv-90bbb880afe111f185b8a9aeb5d97330/oa-2945-big-Data.db
471129718	/work/vcomp-pebble-1tb/cassandra-fidelity-100g-20260914-111023/baseline/cassandra-baseline-fidelity-100g-20260914-111023-baseline-20260914-111031/data/data/baseline_100g/kv-90bbb880afe111f185b8a9aeb5d97330/oa-2694-big-Data.db
470553585	/work/vcomp-pebble-1tb/cassandra-fidelity-100g-20260914-111023/baseline/cassandra-baseline-fidelity-100g-20260914-111023-baseline-20260914-111031/data/data/baseline_100g/kv-90bbb880afe111f185b8a9aeb5d97330/oa-2903-big-Data.db
466289777	/work/vcomp-pebble-1tb/cassandra-fidelity-100g-20260914-111023/baseline/cassandra-baseline-fidelity-100g-20260914-111023-baseline-20260914-111031/data/data/baseline_100g/kv-90bbb880afe111f185b8a9aeb5d97330/oa-2964-big-Data.db
461865630	/work/vcomp-pebble-1tb/cassandra-fidelity-100g-20260914-111023/baseline/cassandra-baseline-fidelity-100g-20260914-111023-baseline-20260914-111031/data/data/baseline_100g/kv-90bbb880afe111f185b8a9aeb5d97330/oa-2785-big-Data.db
461631831	/work/vcomp-pebble-1tb/cassandra-fidelity-100g-20260914-111023/baseline/cassandra-baseline-fidelity-100g-20260914-111023-baseline-20260914-111031/data/data/baseline_100g/kv-90bbb880afe111f185b8a9aeb5d97330/oa-2864-big-Data.db
461412475	/work/vcomp-pebble-1tb/cassandra-fidelity-100g-20260914-111023/baseline/cassandra-baseline-fidelity-100g-20260914-111023-baseline-20260914-111031/data/data/baseline_100g/kv-90bbb880afe111f185b8a9aeb5d97330/oa-2566-big-Data.db
461328329	/work/vcomp-pebble-1tb/cassandra-fidelity-100g-20260914-111023/baseline/cassandra-baseline-fidelity-100g-20260914-111023-baseline-20260914-111031/data/data/baseline_100g/kv-90bbb880afe111f185b8a9aeb5d97330/oa-2708-big-Data.db
458440022	/work/vcomp-pebble-1tb/cassandra-fidelity-100g-20260914-111023/baseline/cassandra-baseline-fidelity-100g-20260914-111023-baseline-20260914-111031/data/data/baseline_100g/kv-90bbb880afe111f185b8a9aeb5d97330/oa-2875-big-Data.db
457033000	/work/vcomp-pebble-1tb/cassandra-fidelity-100g-20260914-111023/baseline/cassandra-baseline-fidelity-100g-20260914-111023-baseline-20260914-111031/data/data/baseline_100g/kv-90bbb880afe111f185b8a9aeb5d97330/oa-2959-big-Data.db
456476440	/work/vcomp-pebble-1tb/cassandra-fidelity-100g-20260914-111023/baseline/cassandra-baseline-fidelity-100g-20260914-111023-baseline-20260914-111031/data/data/baseline_100g/kv-90bbb880afe111f185b8a9aeb5d97330/oa-2942-big-Data.db
456461072	/work/vcomp-pebble-1tb/cassandra-fidelity-100g-20260914-111023/baseline/cassandra-baseline-fidelity-100g-20260914-111023-baseline-20260914-111031/data/data/baseline_100g/kv-90bbb880afe111f185b8a9aeb5d97330/oa-2947-big-Data.db
455042675	/work/vcomp-pebble-1tb/cassandra-fidelity-100g-20260914-111023/baseline/cassandra-baseline-fidelity-100g-20260914-111023-baseline-20260914-111031/data/data/baseline_100g/kv-90bbb880afe111f185b8a9aeb5d97330/oa-2909-big-Data.db
454484329	/work/vcomp-pebble-1tb/cassandra-fidelity-100g-20260914-111023/baseline/cassandra-baseline-fidelity-100g-20260914-111023-baseline-20260914-111031/data/data/baseline_100g/kv-90bbb880afe111f185b8a9aeb5d97330/oa-2863-big-Data.db
454240324	/work/vcomp-pebble-1tb/cassandra-fidelity-100g-20260914-111023/baseline/cassandra-baseline-fidelity-100g-20260914-111023-baseline-20260914-111031/data/data/baseline_100g/kv-90bbb880afe111f185b8a9aeb5d97330/oa-2918-big-Data.db
452754882	/work/vcomp-pebble-1tb/cassandra-fidelity-100g-20260914-111023/baseline/cassandra-baseline-fidelity-100g-20260914-111023-baseline-20260914-111031/data/data/baseline_100g/kv-90bbb880afe111f185b8a9aeb5d97330/oa-2814-big-Data.db
452547792	/work/vcomp-pebble-1tb/cassandra-fidelity-100g-20260914-111023/baseline/cassandra-baseline-fidelity-100g-20260914-111023-baseline-20260914-111031/data/data/baseline_100g/kv-90bbb880afe111f185b8a9aeb5d97330/oa-2972-big-Data.db
450943968	/work/vcomp-pebble-1tb/cassandra-fidelity-100g-20260914-111023/baseline/cassandra-baseline-fidelity-100g-20260914-111023-baseline-20260914-111031/data/data/baseline_100g/kv-90bbb880afe111f185b8a9aeb5d97330/oa-2965-big-Data.db
441597686	/work/vcomp-pebble-1tb/cassandra-fidelity-100g-20260914-111023/baseline/cassandra-baseline-fidelity-100g-20260914-111023-baseline-20260914-111031/data/data/baseline_100g/kv-90bbb880afe111f185b8a9aeb5d97330/oa-2926-big-Data.db
441498280	/work/vcomp-pebble-1tb/cassandra-fidelity-100g-20260914-111023/baseline/cassandra-baseline-fidelity-100g-20260914-111023-baseline-20260914-111031/data/data/baseline_100g/kv-90bbb880afe111f185b8a9aeb5d97330/oa-2899-big-Data.db
441240492	/work/vcomp-pebble-1tb/cassandra-fidelity-100g-20260914-111023/baseline/cassandra-baseline-fidelity-100g-20260914-111023-baseline-20260914-111031/data/data/baseline_100g/kv-90bbb880afe111f185b8a9aeb5d97330/oa-2890-big-Data.db
441140986	/work/vcomp-pebble-1tb/cassandra-fidelity-100g-20260914-111023/baseline/cassandra-baseline-fidelity-100g-20260914-111023-baseline-20260914-111031/data/data/baseline_100g/kv-90bbb880afe111f185b8a9aeb5d97330/oa-2868-big-Data.db
439128071	/work/vcomp-pebble-1tb/cassandra-fidelity-100g-20260914-111023/baseline/cassandra-baseline-fidelity-100g-20260914-111023-baseline-20260914-111031/data/data/baseline_100g/kv-90bbb880afe111f185b8a9aeb5d97330/oa-2725-big-Data.db
437377323	/work/vcomp-pebble-1tb/cassandra-fidelity-100g-20260914-111023/baseline/cassandra-baseline-fidelity-100g-20260914-111023-baseline-20260914-111031/data/data/baseline_100g/kv-90bbb880afe111f185b8a9aeb5d97330/oa-2925-big-Data.db
434846656	/work/vcomp-pebble-1tb/cassandra-fidelity-100g-20260914-111023/baseline/cassandra-baseline-fidelity-100g-20260914-111023-baseline-20260914-111031/data/data/baseline_100g/kv-90bbb880afe111f185b8a9aeb5d97330/oa-2902-big-Data.db
433831404	/work/vcomp-pebble-1tb/cassandra-fidelity-100g-20260914-111023/baseline/cassandra-baseline-fidelity-100g-20260914-111023-baseline-20260914-111031/data/data/baseline_100g/kv-90bbb880afe111f185b8a9aeb5d97330/oa-2686-big-Data.db
429204044	/work/vcomp-pebble-1tb/cassandra-fidelity-100g-20260914-111023/baseline/cassandra-baseline-fidelity-100g-20260914-111023-baseline-20260914-111031/data/data/baseline_100g/kv-90bbb880afe111f185b8a9aeb5d97330/oa-2867-big-Data.db
428485738	/work/vcomp-pebble-1tb/cassandra-fidelity-100g-20260914-111023/baseline/cassandra-baseline-fidelity-100g-20260914-111023-baseline-20260914-111031/data/data/baseline_100g/kv-90bbb880afe111f185b8a9aeb5d97330/oa-2882-big-Data.db
422792170	/work/vcomp-pebble-1tb/cassandra-fidelity-100g-20260914-111023/baseline/cassandra-baseline-fidelity-100g-20260914-111023-baseline-20260914-111031/data/data/baseline_100g/kv-90bbb880afe111f185b8a9aeb5d97330/oa-2820-big-Data.db
422196647	/work/vcomp-pebble-1tb/cassandra-fidelity-100g-20260914-111023/baseline/cassandra-baseline-fidelity-100g-20260914-111023-baseline-20260914-111031/data/data/baseline_100g/kv-90bbb880afe111f185b8a9aeb5d97330/oa-2887-big-Data.db
422118788	/work/vcomp-pebble-1tb/cassandra-fidelity-100g-20260914-111023/baseline/cassandra-baseline-fidelity-100g-20260914-111023-baseline-20260914-111031/data/data/baseline_100g/kv-90bbb880afe111f185b8a9aeb5d97330/oa-2907-big-Data.db
405121947	/work/vcomp-pebble-1tb/cassandra-fidelity-100g-20260914-111023/baseline/cassandra-baseline-fidelity-100g-20260914-111023-baseline-20260914-111031/data/data/baseline_100g/kv-90bbb880afe111f185b8a9aeb5d97330/oa-2772-big-Data.db
401775216	/work/vcomp-pebble-1tb/cassandra-fidelity-100g-20260914-111023/baseline/cassandra-baseline-fidelity-100g-20260914-111023-baseline-20260914-111031/data/data/baseline_100g/kv-90bbb880afe111f185b8a9aeb5d97330/oa-2792-big-Data.db
401595634	/work/vcomp-pebble-1tb/cassandra-fidelity-100g-20260914-111023/baseline/cassandra-baseline-fidelity-100g-20260914-111023-baseline-20260914-111031/data/data/baseline_100g/kv-90bbb880afe111f185b8a9aeb5d97330/oa-2881-big-Data.db
381871835	/work/vcomp-pebble-1tb/cassandra-fidelity-100g-20260914-111023/baseline/cassandra-baseline-fidelity-100g-20260914-111023-baseline-20260914-111031/data/data/baseline_100g/kv-90bbb880afe111f185b8a9aeb5d97330/oa-2886-big-Data.db
353483814	/work/vcomp-pebble-1tb/cassandra-fidelity-100g-20260914-111023/baseline/cassandra-baseline-fidelity-100g-20260914-111023-baseline-20260914-111031/data/data/baseline_100g/kv-90bbb880afe111f185b8a9aeb5d97330/oa-2944-big-Data.db
338531844	/work/vcomp-pebble-1tb/cassandra-fidelity-100g-20260914-111023/baseline/cassandra-baseline-fidelity-100g-20260914-111023-baseline-20260914-111031/data/data/baseline_100g/kv-90bbb880afe111f185b8a9aeb5d97330/oa-2833-big-Data.db
282253555	/work/vcomp-pebble-1tb/cassandra-fidelity-100g-20260914-111023/baseline/cassandra-baseline-fidelity-100g-20260914-111023-baseline-20260914-111031/data/data/baseline_100g/kv-90bbb880afe111f185b8a9aeb5d97330/oa-2865-big-Data.db
278252624	/work/vcomp-pebble-1tb/cassandra-fidelity-100g-20260914-111023/baseline/cassandra-baseline-fidelity-100g-20260914-111023-baseline-20260914-111031/data/data/baseline_100g/kv-90bbb880afe111f185b8a9aeb5d97330/oa-2854-big-Data.db
275389507	/work/vcomp-pebble-1tb/cassandra-fidelity-100g-20260914-111023/baseline/cassandra-baseline-fidelity-100g-20260914-111023-baseline-20260914-111031/data/data/baseline_100g/kv-90bbb880afe111f185b8a9aeb5d97330/oa-2831-big-Data.db
274859134	/work/vcomp-pebble-1tb/cassandra-fidelity-100g-20260914-111023/baseline/cassandra-baseline-fidelity-100g-20260914-111023-baseline-20260914-111031/data/data/baseline_100g/kv-90bbb880afe111f185b8a9aeb5d97330/oa-2834-big-Data.db
272833735	/work/vcomp-pebble-1tb/cassandra-fidelity-100g-20260914-111023/baseline/cassandra-baseline-fidelity-100g-20260914-111023-baseline-20260914-111031/data/data/baseline_100g/kv-90bbb880afe111f185b8a9aeb5d97330/oa-2837-big-Data.db
272717115	/work/vcomp-pebble-1tb/cassandra-fidelity-100g-20260914-111023/baseline/cassandra-baseline-fidelity-100g-20260914-111023-baseline-20260914-111031/data/data/baseline_100g/kv-90bbb880afe111f185b8a9aeb5d97330/oa-2984-big-Data.db
269981388	/work/vcomp-pebble-1tb/cassandra-fidelity-100g-20260914-111023/baseline/cassandra-baseline-fidelity-100g-20260914-111023-baseline-20260914-111031/data/data/baseline_100g/kv-90bbb880afe111f185b8a9aeb5d97330/oa-2800-big-Data.db
269629537	/work/vcomp-pebble-1tb/cassandra-fidelity-100g-20260914-111023/baseline/cassandra-baseline-fidelity-100g-20260914-111023-baseline-20260914-111031/data/data/baseline_100g/kv-90bbb880afe111f185b8a9aeb5d97330/oa-2819-big-Data.db
269579647	/work/vcomp-pebble-1tb/cassandra-fidelity-100g-20260914-111023/baseline/cassandra-baseline-fidelity-100g-20260914-111023-baseline-20260914-111031/data/data/baseline_100g/kv-90bbb880afe111f185b8a9aeb5d97330/oa-2983-big-Data.db
268700593	/work/vcomp-pebble-1tb/cassandra-fidelity-100g-20260914-111023/baseline/cassandra-baseline-fidelity-100g-20260914-111023-baseline-20260914-111031/data/data/baseline_100g/kv-90bbb880afe111f185b8a9aeb5d97330/oa-2981-big-Data.db
267680936	/work/vcomp-pebble-1tb/cassandra-fidelity-100g-20260914-111023/baseline/cassandra-baseline-fidelity-100g-20260914-111023-baseline-20260914-111031/data/data/baseline_100g/kv-90bbb880afe111f185b8a9aeb5d97330/oa-2845-big-Data.db
262286764	/work/vcomp-pebble-1tb/cassandra-fidelity-100g-20260914-111023/baseline/cassandra-baseline-fidelity-100g-20260914-111023-baseline-20260914-111031/data/data/baseline_100g/kv-90bbb880afe111f185b8a9aeb5d97330/oa-2982-big-Data.db
260812761	/work/vcomp-pebble-1tb/cassandra-fidelity-100g-20260914-111023/baseline/cassandra-baseline-fidelity-100g-20260914-111023-baseline-20260914-111031/data/data/baseline_100g/kv-90bbb880afe111f185b8a9aeb5d97330/oa-2956-big-Data.db
246051586	/work/vcomp-pebble-1tb/cassandra-fidelity-100g-20260914-111023/baseline/cassandra-baseline-fidelity-100g-20260914-111023-baseline-20260914-111031/data/data/baseline_100g/kv-90bbb880afe111f185b8a9aeb5d97330/oa-2823-big-Data.db
236065200	/work/vcomp-pebble-1tb/cassandra-fidelity-100g-20260914-111023/baseline/cassandra-baseline-fidelity-100g-20260914-111023-baseline-20260914-111031/data/data/baseline_100g/kv-90bbb880afe111f185b8a9aeb5d97330/oa-2838-big-Data.db
140404311	/work/vcomp-pebble-1tb/cassandra-fidelity-100g-20260914-111023/baseline/cassandra-baseline-fidelity-100g-20260914-111023-baseline-20260914-111031/data/data/baseline_100g/kv-90bbb880afe111f185b8a9aeb5d97330/oa-2764-big-Data.db
140203154	/work/vcomp-pebble-1tb/cassandra-fidelity-100g-20260914-111023/baseline/cassandra-baseline-fidelity-100g-20260914-111023-baseline-20260914-111031/data/data/baseline_100g/kv-90bbb880afe111f185b8a9aeb5d97330/oa-2632-big-Data.db
137806013	/work/vcomp-pebble-1tb/cassandra-fidelity-100g-20260914-111023/baseline/cassandra-baseline-fidelity-100g-20260914-111023-baseline-20260914-111031/data/data/baseline_100g/kv-90bbb880afe111f185b8a9aeb5d97330/oa-2414-big-Data.db
137706446	/work/vcomp-pebble-1tb/cassandra-fidelity-100g-20260914-111023/baseline/cassandra-baseline-fidelity-100g-20260914-111023-baseline-20260914-111031/data/data/baseline_100g/kv-90bbb880afe111f185b8a9aeb5d97330/oa-2859-big-Data.db
137620330	/work/vcomp-pebble-1tb/cassandra-fidelity-100g-20260914-111023/baseline/cassandra-baseline-fidelity-100g-20260914-111023-baseline-20260914-111031/data/data/baseline_100g/kv-90bbb880afe111f185b8a9aeb5d97330/oa-2770-big-Data.db
137466888	/work/vcomp-pebble-1tb/cassandra-fidelity-100g-20260914-111023/baseline/cassandra-baseline-fidelity-100g-20260914-111023-baseline-20260914-111031/data/data/baseline_100g/kv-90bbb880afe111f185b8a9aeb5d97330/oa-2225-big-Data.db
137418157	/work/vcomp-pebble-1tb/cassandra-fidelity-100g-20260914-111023/baseline/cassandra-baseline-fidelity-100g-20260914-111023-baseline-20260914-111031/data/data/baseline_100g/kv-90bbb880afe111f185b8a9aeb5d97330/oa-2705-big-Data.db
137301966	/work/vcomp-pebble-1tb/cassandra-fidelity-100g-20260914-111023/baseline/cassandra-baseline-fidelity-100g-20260914-111023-baseline-20260914-111031/data/data/baseline_100g/kv-90bbb880afe111f185b8a9aeb5d97330/oa-2688-big-Data.db
137272957	/work/vcomp-pebble-1tb/cassandra-fidelity-100g-20260914-111023/baseline/cassandra-baseline-fidelity-100g-20260914-111023-baseline-20260914-111031/data/data/baseline_100g/kv-90bbb880afe111f185b8a9aeb5d97330/oa-2265-big-Data.db
134965937	/work/vcomp-pebble-1tb/cassandra-fidelity-100g-20260914-111023/baseline/cassandra-baseline-fidelity-100g-20260914-111023-baseline-20260914-111031/data/data/baseline_100g/kv-90bbb880afe111f185b8a9aeb5d97330/oa-2825-big-Data.db
134662031	/work/vcomp-pebble-1tb/cassandra-fidelity-100g-20260914-111023/baseline/cassandra-baseline-fidelity-100g-20260914-111023-baseline-20260914-111031/data/data/baseline_100g/kv-90bbb880afe111f185b8a9aeb5d97330/oa-2977-big-Data.db
122323083	/work/vcomp-pebble-1tb/cassandra-fidelity-100g-20260914-111023/baseline/cassandra-baseline-fidelity-100g-20260914-111023-baseline-20260914-111031/data/data/baseline_100g/kv-90bbb880afe111f185b8a9aeb5d97330/oa-2821-big-Data.db
122264001	/work/vcomp-pebble-1tb/cassandra-fidelity-100g-20260914-111023/baseline/cassandra-baseline-fidelity-100g-20260914-111023-baseline-20260914-111031/data/data/baseline_100g/kv-90bbb880afe111f185b8a9aeb5d97330/oa-2657-big-Data.db
122189280	/work/vcomp-pebble-1tb/cassandra-fidelity-100g-20260914-111023/baseline/cassandra-baseline-fidelity-100g-20260914-111023-baseline-20260914-111031/data/data/baseline_100g/kv-90bbb880afe111f185b8a9aeb5d97330/oa-2696-big-Data.db
