635083659	/work/vcomp-pebble-1tb/cassandra-comprehensive-100g-20260914-141045/vcomp/cassandra-vcomp-fidelity-100g-20260914-141045-vcomp-20260914-144011/sstables/vcomp_100g/kv-df57af711b4734e29c273400f089181c/oa-141-big-Data.db
633061350	/work/vcomp-pebble-1tb/cassandra-comprehensive-100g-20260914-141045/vcomp/cassandra-vcomp-fidelity-100g-20260914-141045-vcomp-20260914-144011/sstables/vcomp_100g/kv-d1fc6319513e3326a42e76049cc21634/oa-123-big-Data.db
627362478	/work/vcomp-pebble-1tb/cassandra-comprehensive-100g-20260914-141045/vcomp/cassandra-vcomp-fidelity-100g-20260914-141045-vcomp-20260914-144011/sstables/vcomp_100g/kv-0cceeb0f96bb3e5399bec40edd6f536c/oa-135-big-Data.db
605236356	/work/vcomp-pebble-1tb/cassandra-comprehensive-100g-20260914-141045/vcomp/cassandra-vcomp-fidelity-100g-20260914-141045-vcomp-20260914-144011/sstables/vcomp_100g/kv-ac595bb78c60355bb4b60dca6568cb7e/oa-115-big-Data.db
585218394	/work/vcomp-pebble-1tb/cassandra-comprehensive-100g-20260914-141045/vcomp/cassandra-vcomp-fidelity-100g-20260914-141045-vcomp-20260914-144011/sstables/vcomp_100g/kv-6da4044333f0372c9492d4ea26eeb005/oa-97-big-Data.db
580038732	/work/vcomp-pebble-1tb/cassandra-comprehensive-100g-20260914-141045/vcomp/cassandra-vcomp-fidelity-100g-20260914-141045-vcomp-20260914-144011/sstables/vcomp_100g/kv-f8cff45ad05d3b38acef2922beff84b9/oa-166-big-Data.db
574703361	/work/vcomp-pebble-1tb/cassandra-comprehensive-100g-20260914-141045/vcomp/cassandra-vcomp-fidelity-100g-20260914-141045-vcomp-20260914-144011/sstables/vcomp_100g/kv-87837a1502f33bb78aecef85a6dc91b7/oa-158-big-Data.db
570834396	/work/vcomp-pebble-1tb/cassandra-comprehensive-100g-20260914-141045/vcomp/cassandra-vcomp-fidelity-100g-20260914-141045-vcomp-20260914-144011/sstables/vcomp_100g/kv-8d2f7eb5a8e3322a8dbb0defc7ce3a64/oa-164-big-Data.db
569039985	/work/vcomp-pebble-1tb/cassandra-comprehensive-100g-20260914-141045/vcomp/cassandra-vcomp-fidelity-100g-20260914-141045-vcomp-20260914-144011/sstables/vcomp_100g/kv-7eb095c603613013814c1275e5916f65/oa-125-big-Data.db
565799535	/work/vcomp-pebble-1tb/cassandra-comprehensive-100g-20260914-141045/vcomp/cassandra-vcomp-fidelity-100g-20260914-141045-vcomp-20260914-144011/sstables/vcomp_100g/kv-453961c07368356db4dc6ac5ecf07a0d/oa-122-big-Data.db
563033115	/work/vcomp-pebble-1tb/cassandra-comprehensive-100g-20260914-141045/vcomp/cassandra-vcomp-fidelity-100g-20260914-141045-vcomp-20260914-144011/sstables/vcomp_100g/kv-49b9ef2c31ca32599eedee5bb87f20f6/oa-107-big-Data.db
562171725	/work/vcomp-pebble-1tb/cassandra-comprehensive-100g-20260914-141045/vcomp/cassandra-vcomp-fidelity-100g-20260914-141045-vcomp-20260914-144011/sstables/vcomp_100g/kv-cbe61673eda63f53933e7250c325cfd4/oa-114-big-Data.db
561269961	/work/vcomp-pebble-1tb/cassandra-comprehensive-100g-20260914-141045/vcomp/cassandra-vcomp-fidelity-100g-20260914-141045-vcomp-20260914-144011/sstables/vcomp_100g/kv-0205088f3181341ca70aadab3e782137/oa-82-big-Data.db
558197730	/work/vcomp-pebble-1tb/cassandra-comprehensive-100g-20260914-141045/vcomp/cassandra-vcomp-fidelity-100g-20260914-141045-vcomp-20260914-144011/sstables/vcomp_100g/kv-03b0133f42313b1cbb0c018b41529654/oa-106-big-Data.db
550495287	/work/vcomp-pebble-1tb/cassandra-comprehensive-100g-20260914-141045/vcomp/cassandra-vcomp-fidelity-100g-20260914-141045-vcomp-20260914-144011/sstables/vcomp_100g/kv-c505b096b461357290bb6e0967d64590/oa-49-big-Data.db
550240596	/work/vcomp-pebble-1tb/cassandra-comprehensive-100g-20260914-141045/vcomp/cassandra-vcomp-fidelity-100g-20260914-141045-vcomp-20260914-144011/sstables/vcomp_100g/kv-dad8d6d9a39d3291a37a82eda89862d9/oa-83-big-Data.db
549576648	/work/vcomp-pebble-1tb/cassandra-comprehensive-100g-20260914-141045/vcomp/cassandra-vcomp-fidelity-100g-20260914-141045-vcomp-20260914-144011/sstables/vcomp_100g/kv-e81d7119564335a8aafc790d6f2164b0/oa-147-big-Data.db
547466301	/work/vcomp-pebble-1tb/cassandra-comprehensive-100g-20260914-141045/vcomp/cassandra-vcomp-fidelity-100g-20260914-141045-vcomp-20260914-144011/sstables/vcomp_100g/kv-881b9dd728e13ff7a8d44ddb07e60a64/oa-80-big-Data.db
544947957	/work/vcomp-pebble-1tb/cassandra-comprehensive-100g-20260914-141045/vcomp/cassandra-vcomp-fidelity-100g-20260914-141045-vcomp-20260914-144011/sstables/vcomp_100g/kv-633fb631e73b350094f8fbcabbf35216/oa-68-big-Data.db
544623327	/work/vcomp-pebble-1tb/cassandra-comprehensive-100g-20260914-141045/vcomp/cassandra-vcomp-fidelity-100g-20260914-141045-vcomp-20260914-144011/sstables/vcomp_100g/kv-861fd43a8f4935589168b2e4aa4f3131/oa-109-big-Data.db
543564738	/work/vcomp-pebble-1tb/cassandra-comprehensive-100g-20260914-141045/vcomp/cassandra-vcomp-fidelity-100g-20260914-141045-vcomp-20260914-144011/sstables/vcomp_100g/kv-b0ab5d90481c32fba4a59ebb54b233d5/oa-104-big-Data.db
541967895	/work/vcomp-pebble-1tb/cassandra-comprehensive-100g-20260914-141045/vcomp/cassandra-vcomp-fidelity-100g-20260914-141045-vcomp-20260914-144011/sstables/vcomp_100g/kv-c874c188353e3b48838318e6ef5127d4/oa-85-big-Data.db
534492063	/work/vcomp-pebble-1tb/cassandra-comprehensive-100g-20260914-141045/vcomp/cassandra-vcomp-fidelity-100g-20260914-141045-vcomp-20260914-144011/sstables/vcomp_100g/kv-61f94ba1ebbd3ab391b2fa45141db7cf/oa-167-big-Data.db
534306771	/work/vcomp-pebble-1tb/cassandra-comprehensive-100g-20260914-141045/vcomp/cassandra-vcomp-fidelity-100g-20260914-141045-vcomp-20260914-144011/sstables/vcomp_100g/kv-2328f70e42c23a65b9ed91c341d126af/oa-165-big-Data.db
534107700	/work/vcomp-pebble-1tb/cassandra-comprehensive-100g-20260914-141045/vcomp/cassandra-vcomp-fidelity-100g-20260914-141045-vcomp-20260914-144011/sstables/vcomp_100g/kv-9cb87c0a5a7f3d4f8c9a254369ff92e8/oa-119-big-Data.db
533208717	/work/vcomp-pebble-1tb/cassandra-comprehensive-100g-20260914-141045/vcomp/cassandra-vcomp-fidelity-100g-20260914-141045-vcomp-20260914-144011/sstables/vcomp_100g/kv-f56a48347dc03e7e87946494c69bfdc7/oa-60-big-Data.db
528387336	/work/vcomp-pebble-1tb/cassandra-comprehensive-100g-20260914-141045/vcomp/cassandra-vcomp-fidelity-100g-20260914-141045-vcomp-20260914-144011/sstables/vcomp_100g/kv-55a6803188243aaf8062fb455888f0e0/oa-102-big-Data.db
528162462	/work/vcomp-pebble-1tb/cassandra-comprehensive-100g-20260914-141045/vcomp/cassandra-vcomp-fidelity-100g-20260914-141045-vcomp-20260914-144011/sstables/vcomp_100g/kv-a6aaea943f3d36d8b361d9d1be3b8b6b/oa-72-big-Data.db
527514885	/work/vcomp-pebble-1tb/cassandra-comprehensive-100g-20260914-141045/vcomp/cassandra-vcomp-fidelity-100g-20260914-141045-vcomp-20260914-144011/sstables/vcomp_100g/kv-94f0c0272640373d9fc02b36f8fce173/oa-71-big-Data.db
525588993	/work/vcomp-pebble-1tb/cassandra-comprehensive-100g-20260914-141045/vcomp/cassandra-vcomp-fidelity-100g-20260914-141045-vcomp-20260914-144011/sstables/vcomp_100g/kv-443a8f67522c3981af72aac86c68a5a6/oa-73-big-Data.db
524359548	/work/vcomp-pebble-1tb/cassandra-comprehensive-100g-20260914-141045/vcomp/cassandra-vcomp-fidelity-100g-20260914-141045-vcomp-20260914-144011/sstables/vcomp_100g/kv-31ebfc2f43693a019d85dc84cf0d0560/oa-79-big-Data.db
522252945	/work/vcomp-pebble-1tb/cassandra-comprehensive-100g-20260914-141045/vcomp/cassandra-vcomp-fidelity-100g-20260914-141045-vcomp-20260914-144011/sstables/vcomp_100g/kv-001289fa54753388833f40bfe0352ca1/oa-90-big-Data.db
521942202	/work/vcomp-pebble-1tb/cassandra-comprehensive-100g-20260914-141045/vcomp/cassandra-vcomp-fidelity-100g-20260914-141045-vcomp-20260914-144011/sstables/vcomp_100g/kv-4d03285fdb073378925bbce5c7076fd3/oa-116-big-Data.db
520961238	/work/vcomp-pebble-1tb/cassandra-comprehensive-100g-20260914-141045/vcomp/cassandra-vcomp-fidelity-100g-20260914-141045-vcomp-20260914-144011/sstables/vcomp_100g/kv-2aff74034ef03c57abab82d724ac7752/oa-128-big-Data.db
519962247	/work/vcomp-pebble-1tb/cassandra-comprehensive-100g-20260914-141045/vcomp/cassandra-vcomp-fidelity-100g-20260914-141045-vcomp-20260914-144011/sstables/vcomp_100g/kv-a8a03eb89d7d33368d5573a0fffb4e2c/oa-137-big-Data.db
516890367	/work/vcomp-pebble-1tb/cassandra-comprehensive-100g-20260914-141045/vcomp/cassandra-vcomp-fidelity-100g-20260914-141045-vcomp-20260914-144011/sstables/vcomp_100g/kv-b570f58d517533868c179285cbd10d96/oa-77-big-Data.db
514594323	/work/vcomp-pebble-1tb/cassandra-comprehensive-100g-20260914-141045/vcomp/cassandra-vcomp-fidelity-100g-20260914-141045-vcomp-20260914-144011/sstables/vcomp_100g/kv-62427f78fb6b376c90e6c5de180118ad/oa-163-big-Data.db
514193562	/work/vcomp-pebble-1tb/cassandra-comprehensive-100g-20260914-141045/vcomp/cassandra-vcomp-fidelity-100g-20260914-141045-vcomp-20260914-144011/sstables/vcomp_100g/kv-17590d003b3f389685cf04b09206e02a/oa-88-big-Data.db
512434557	/work/vcomp-pebble-1tb/cassandra-comprehensive-100g-20260914-141045/vcomp/cassandra-vcomp-fidelity-100g-20260914-141045-vcomp-20260914-144011/sstables/vcomp_100g/kv-45d204f971a03e6695502b49abf0defa/oa-76-big-Data.db
508433814	/work/vcomp-pebble-1tb/cassandra-comprehensive-100g-20260914-141045/vcomp/cassandra-vcomp-fidelity-100g-20260914-141045-vcomp-20260914-144011/sstables/vcomp_100g/kv-8c48e0d95b38345aa6272cf3f961ffa5/oa-94-big-Data.db
507374496	/work/vcomp-pebble-1tb/cassandra-comprehensive-100g-20260914-141045/vcomp/cassandra-vcomp-fidelity-100g-20260914-141045-vcomp-20260914-144011/sstables/vcomp_100g/kv-9bdc144214eb3a31baeb81771ee8cf66/oa-124-big-Data.db
505054080	/work/vcomp-pebble-1tb/cassandra-comprehensive-100g-20260914-141045/vcomp/cassandra-vcomp-fidelity-100g-20260914-141045-vcomp-20260914-144011/sstables/vcomp_100g/kv-d6e80992e5793501b6d673ee0c857251/oa-110-big-Data.db
504430956	/work/vcomp-pebble-1tb/cassandra-comprehensive-100g-20260914-141045/vcomp/cassandra-vcomp-fidelity-100g-20260914-141045-vcomp-20260914-144011/sstables/vcomp_100g/kv-f057116ca9113cd085a20a62113e4b2d/oa-120-big-Data.db
504307818	/work/vcomp-pebble-1tb/cassandra-comprehensive-100g-20260914-141045/vcomp/cassandra-vcomp-fidelity-100g-20260914-141045-vcomp-20260914-144011/sstables/vcomp_100g/kv-99a3d7e0c8473067aca64fbef91b6e9f/oa-121-big-Data.db
502532739	/work/vcomp-pebble-1tb/cassandra-comprehensive-100g-20260914-141045/vcomp/cassandra-vcomp-fidelity-100g-20260914-141045-vcomp-20260914-144011/sstables/vcomp_100g/kv-2cbc2a640607396d95accced990466d6/oa-70-big-Data.db
502137045	/work/vcomp-pebble-1tb/cassandra-comprehensive-100g-20260914-141045/vcomp/cassandra-vcomp-fidelity-100g-20260914-141045-vcomp-20260914-144011/sstables/vcomp_100g/kv-b4ba6bcdabd033d7af2eaf7785e402d4/oa-81-big-Data.db
500582196	/work/vcomp-pebble-1tb/cassandra-comprehensive-100g-20260914-141045/vcomp/cassandra-vcomp-fidelity-100g-20260914-141045-vcomp-20260914-144011/sstables/vcomp_100g/kv-b3ac4025f1bd3dbd8dd6f1a7eac1fdea/oa-62-big-Data.db
499582872	/work/vcomp-pebble-1tb/cassandra-comprehensive-100g-20260914-141045/vcomp/cassandra-vcomp-fidelity-100g-20260914-141045-vcomp-20260914-144011/sstables/vcomp_100g/kv-da05148429f634f18643a979f702b5bb/oa-156-big-Data.db
498074256	/work/vcomp-pebble-1tb/cassandra-comprehensive-100g-20260914-141045/vcomp/cassandra-vcomp-fidelity-100g-20260914-141045-vcomp-20260914-144011/sstables/vcomp_100g/kv-02d34b34d46c3e7abb6ce6c8a0f94b25/oa-113-big-Data.db
497227572	/work/vcomp-pebble-1tb/cassandra-comprehensive-100g-20260914-141045/vcomp/cassandra-vcomp-fidelity-100g-20260914-141045-vcomp-20260914-144011/sstables/vcomp_100g/kv-c2e2c3f6df8f3ba4accf2e080ceefc55/oa-127-big-Data.db
496407717	/work/vcomp-pebble-1tb/cassandra-comprehensive-100g-20260914-141045/vcomp/cassandra-vcomp-fidelity-100g-20260914-141045-vcomp-20260914-144011/sstables/vcomp_100g/kv-39c7ea95297e32a1a39f6b4c92e75bb8/oa-161-big-Data.db
495864423	/work/vcomp-pebble-1tb/cassandra-comprehensive-100g-20260914-141045/vcomp/cassandra-vcomp-fidelity-100g-20260914-141045-vcomp-20260914-144011/sstables/vcomp_100g/kv-48c2fc4fbd283a1fb190744eff5b348a/oa-91-big-Data.db
495750789	/work/vcomp-pebble-1tb/cassandra-comprehensive-100g-20260914-141045/vcomp/cassandra-vcomp-fidelity-100g-20260914-141045-vcomp-20260914-144011/sstables/vcomp_100g/kv-e9104c9e20073bf582287f1de203ec8d/oa-84-big-Data.db
494107371	/work/vcomp-pebble-1tb/cassandra-comprehensive-100g-20260914-141045/vcomp/cassandra-vcomp-fidelity-100g-20260914-141045-vcomp-20260914-144011/sstables/vcomp_100g/kv-b90c0b6406853fda90f906eb1f364865/oa-53-big-Data.db
493106805	/work/vcomp-pebble-1tb/cassandra-comprehensive-100g-20260914-141045/vcomp/cassandra-vcomp-fidelity-100g-20260914-141045-vcomp-20260914-144011/sstables/vcomp_100g/kv-4b47362e349730eb87fec02024bdf67a/oa-154-big-Data.db
493004718	/work/vcomp-pebble-1tb/cassandra-comprehensive-100g-20260914-141045/vcomp/cassandra-vcomp-fidelity-100g-20260914-141045-vcomp-20260914-144011/sstables/vcomp_100g/kv-5f38b0ff1f1a311284e298fbae1313ab/oa-129-big-Data.db
491872536	/work/vcomp-pebble-1tb/cassandra-comprehensive-100g-20260914-141045/vcomp/cassandra-vcomp-fidelity-100g-20260914-141045-vcomp-20260914-144011/sstables/vcomp_100g/kv-cf334c5f01d03f538d0906c21ab0dd10/oa-75-big-Data.db
491393115	/work/vcomp-pebble-1tb/cassandra-comprehensive-100g-20260914-141045/vcomp/cassandra-vcomp-fidelity-100g-20260914-141045-vcomp-20260914-144011/sstables/vcomp_100g/kv-6f074e57eb5631398a201f707302261d/oa-69-big-Data.db
491157135	/work/vcomp-pebble-1tb/cassandra-comprehensive-100g-20260914-141045/vcomp/cassandra-vcomp-fidelity-100g-20260914-141045-vcomp-20260914-144011/sstables/vcomp_100g/kv-5636b34d97ec3bbdbeb0ef908d5b0f9d/oa-100-big-Data.db
490482180	/work/vcomp-pebble-1tb/cassandra-comprehensive-100g-20260914-141045/vcomp/cassandra-vcomp-fidelity-100g-20260914-141045-vcomp-20260914-144011/sstables/vcomp_100g/kv-cbba806f3e9835898bc53715ae532e99/oa-136-big-Data.db
489718458	/work/vcomp-pebble-1tb/cassandra-comprehensive-100g-20260914-141045/vcomp/cassandra-vcomp-fidelity-100g-20260914-141045-vcomp-20260914-144011/sstables/vcomp_100g/kv-84e3a467d64e33bfa27ed7446455a9f8/oa-111-big-Data.db
489299580	/work/vcomp-pebble-1tb/cassandra-comprehensive-100g-20260914-141045/vcomp/cassandra-vcomp-fidelity-100g-20260914-141045-vcomp-20260914-144011/sstables/vcomp_100g/kv-dfa2dadb84573325b186521ab5fb1cdc/oa-153-big-Data.db
488784069	/work/vcomp-pebble-1tb/cassandra-comprehensive-100g-20260914-141045/vcomp/cassandra-vcomp-fidelity-100g-20260914-141045-vcomp-20260914-144011/sstables/vcomp_100g/kv-a3fa2c1cb63434358e2ee11302e18170/oa-89-big-Data.db
487862568	/work/vcomp-pebble-1tb/cassandra-comprehensive-100g-20260914-141045/vcomp/cassandra-vcomp-fidelity-100g-20260914-141045-vcomp-20260914-144011/sstables/vcomp_100g/kv-bc97d1b50d1532949f504bb4ed07084a/oa-139-big-Data.db
487841868	/work/vcomp-pebble-1tb/cassandra-comprehensive-100g-20260914-141045/vcomp/cassandra-vcomp-fidelity-100g-20260914-141045-vcomp-20260914-144011/sstables/vcomp_100g/kv-b2d7f0565e513fc389f9d703ff0c6eae/oa-144-big-Data.db
486357867	/work/vcomp-pebble-1tb/cassandra-comprehensive-100g-20260914-141045/vcomp/cassandra-vcomp-fidelity-100g-20260914-141045-vcomp-20260914-144011/sstables/vcomp_100g/kv-fdb86bb9615a3a0896a769652accc5f3/oa-148-big-Data.db
484546590	/work/vcomp-pebble-1tb/cassandra-comprehensive-100g-20260914-141045/vcomp/cassandra-vcomp-fidelity-100g-20260914-141045-vcomp-20260914-144011/sstables/vcomp_100g/kv-480ced628c273a1cbdd129b25f5197b8/oa-157-big-Data.db
482351985	/work/vcomp-pebble-1tb/cassandra-comprehensive-100g-20260914-141045/vcomp/cassandra-vcomp-fidelity-100g-20260914-141045-vcomp-20260914-144011/sstables/vcomp_100g/kv-b6d717462437315babdcf5321cb60972/oa-159-big-Data.db
481609719	/work/vcomp-pebble-1tb/cassandra-comprehensive-100g-20260914-141045/vcomp/cassandra-vcomp-fidelity-100g-20260914-141045-vcomp-20260914-144011/sstables/vcomp_100g/kv-09758ff354d835868330717a36535d15/oa-44-big-Data.db
480992616	/work/vcomp-pebble-1tb/cassandra-comprehensive-100g-20260914-141045/vcomp/cassandra-vcomp-fidelity-100g-20260914-141045-vcomp-20260914-144011/sstables/vcomp_100g/kv-ca310356c213336ba1270bbe4f96b67e/oa-155-big-Data.db
480512538	/work/vcomp-pebble-1tb/cassandra-comprehensive-100g-20260914-141045/vcomp/cassandra-vcomp-fidelity-100g-20260914-141045-vcomp-20260914-144011/sstables/vcomp_100g/kv-67ccbc251c1531ae827f26a713585e7e/oa-9-big-Data.db
480342636	/work/vcomp-pebble-1tb/cassandra-comprehensive-100g-20260914-141045/vcomp/cassandra-vcomp-fidelity-100g-20260914-141045-vcomp-20260914-144011/sstables/vcomp_100g/kv-11a2eb7f4d3437ea83b51bdc15a5739d/oa-87-big-Data.db
479954214	/work/vcomp-pebble-1tb/cassandra-comprehensive-100g-20260914-141045/vcomp/cassandra-vcomp-fidelity-100g-20260914-141045-vcomp-20260914-144011/sstables/vcomp_100g/kv-033f7ea47e723dcb936b6c311bb6d1a3/oa-162-big-Data.db
477476856	/work/vcomp-pebble-1tb/cassandra-comprehensive-100g-20260914-141045/vcomp/cassandra-vcomp-fidelity-100g-20260914-141045-vcomp-20260914-144011/sstables/vcomp_100g/kv-5d85c6c123f2385987ab1c6d644c7896/oa-54-big-Data.db
476879202	/work/vcomp-pebble-1tb/cassandra-comprehensive-100g-20260914-141045/vcomp/cassandra-vcomp-fidelity-100g-20260914-141045-vcomp-20260914-144011/sstables/vcomp_100g/kv-31aec51c3b85326e877b39af6b9650fc/oa-160-big-Data.db
476351784	/work/vcomp-pebble-1tb/cassandra-comprehensive-100g-20260914-141045/vcomp/cassandra-vcomp-fidelity-100g-20260914-141045-vcomp-20260914-144011/sstables/vcomp_100g/kv-66447acaa7983dafa54b01ed4512487e/oa-12-big-Data.db
476145225	/work/vcomp-pebble-1tb/cassandra-comprehensive-100g-20260914-141045/vcomp/cassandra-vcomp-fidelity-100g-20260914-141045-vcomp-20260914-144011/sstables/vcomp_100g/kv-4f97dfd44e6b31bd873b417f126c68b0/oa-74-big-Data.db
472776975	/work/vcomp-pebble-1tb/cassandra-comprehensive-100g-20260914-141045/vcomp/cassandra-vcomp-fidelity-100g-20260914-141045-vcomp-20260914-144011/sstables/vcomp_100g/kv-a3c1ab1bcc153abb916384d4ed1b024a/oa-10-big-Data.db
472150341	/work/vcomp-pebble-1tb/cassandra-comprehensive-100g-20260914-141045/vcomp/cassandra-vcomp-fidelity-100g-20260914-141045-vcomp-20260914-144011/sstables/vcomp_100g/kv-a5a6f7eecbec3954999ed2f5ccbf1b68/oa-118-big-Data.db
471716649	/work/vcomp-pebble-1tb/cassandra-comprehensive-100g-20260914-141045/vcomp/cassandra-vcomp-fidelity-100g-20260914-141045-vcomp-20260914-144011/sstables/vcomp_100g/kv-63c2014f5d5d324d9050fdb63999b279/oa-117-big-Data.db
470546064	/work/vcomp-pebble-1tb/cassandra-comprehensive-100g-20260914-141045/vcomp/cassandra-vcomp-fidelity-100g-20260914-141045-vcomp-20260914-144011/sstables/vcomp_100g/kv-ec5ce0db5e0e391d9697266a88573f88/oa-152-big-Data.db
465278049	/work/vcomp-pebble-1tb/cassandra-comprehensive-100g-20260914-141045/vcomp/cassandra-vcomp-fidelity-100g-20260914-141045-vcomp-20260914-144011/sstables/vcomp_100g/kv-0f3abe7167a334e697bb1105bdd9a274/oa-131-big-Data.db
465255990	/work/vcomp-pebble-1tb/cassandra-comprehensive-100g-20260914-141045/vcomp/cassandra-vcomp-fidelity-100g-20260914-141045-vcomp-20260914-144011/sstables/vcomp_100g/kv-0a2f0eba71c435faa15957579cbbe146/oa-140-big-Data.db
463783563	/work/vcomp-pebble-1tb/cassandra-comprehensive-100g-20260914-141045/vcomp/cassandra-vcomp-fidelity-100g-20260914-141045-vcomp-20260914-144011/sstables/vcomp_100g/kv-3d5d756a1f1131d19c0f2197c9939dc0/oa-103-big-Data.db
463400667	/work/vcomp-pebble-1tb/cassandra-comprehensive-100g-20260914-141045/vcomp/cassandra-vcomp-fidelity-100g-20260914-141045-vcomp-20260914-144011/sstables/vcomp_100g/kv-fb8b9e43ae193ffeb7baa238611df020/oa-92-big-Data.db
457841439	/work/vcomp-pebble-1tb/cassandra-comprehensive-100g-20260914-141045/vcomp/cassandra-vcomp-fidelity-100g-20260914-141045-vcomp-20260914-144011/sstables/vcomp_100g/kv-a266bf423a9a3f8e8af9c6d74631417e/oa-78-big-Data.db
457128864	/work/vcomp-pebble-1tb/cassandra-comprehensive-100g-20260914-141045/vcomp/cassandra-vcomp-fidelity-100g-20260914-141045-vcomp-20260914-144011/sstables/vcomp_100g/kv-4a7260958ff936b9bb54fec13a667f9a/oa-51-big-Data.db
455873436	/work/vcomp-pebble-1tb/cassandra-comprehensive-100g-20260914-141045/vcomp/cassandra-vcomp-fidelity-100g-20260914-141045-vcomp-20260914-144011/sstables/vcomp_100g/kv-dd5fb0db8d79387ea0cf63c0c88e57b4/oa-23-big-Data.db
455139324	/work/vcomp-pebble-1tb/cassandra-comprehensive-100g-20260914-141045/vcomp/cassandra-vcomp-fidelity-100g-20260914-141045-vcomp-20260914-144011/sstables/vcomp_100g/kv-c76be55e04c63184ad322950ced8d8d5/oa-48-big-Data.db
454828635	/work/vcomp-pebble-1tb/cassandra-comprehensive-100g-20260914-141045/vcomp/cassandra-vcomp-fidelity-100g-20260914-141045-vcomp-20260914-144011/sstables/vcomp_100g/kv-35360eab3c603fee8ecc86b99823f351/oa-86-big-Data.db
454616649	/work/vcomp-pebble-1tb/cassandra-comprehensive-100g-20260914-141045/vcomp/cassandra-vcomp-fidelity-100g-20260914-141045-vcomp-20260914-144011/sstables/vcomp_100g/kv-7fe68a36d60f3444aae77638f0cb1ab9/oa-15-big-Data.db
454420818	/work/vcomp-pebble-1tb/cassandra-comprehensive-100g-20260914-141045/vcomp/cassandra-vcomp-fidelity-100g-20260914-141045-vcomp-20260914-144011/sstables/vcomp_100g/kv-3cf58d2041593cccb37f148c9c4d8330/oa-130-big-Data.db
450492993	/work/vcomp-pebble-1tb/cassandra-comprehensive-100g-20260914-141045/vcomp/cassandra-vcomp-fidelity-100g-20260914-141045-vcomp-20260914-144011/sstables/vcomp_100g/kv-e61474e5fd1e3490914e0f76cac70151/oa-98-big-Data.db
448259274	/work/vcomp-pebble-1tb/cassandra-comprehensive-100g-20260914-141045/vcomp/cassandra-vcomp-fidelity-100g-20260914-141045-vcomp-20260914-144011/sstables/vcomp_100g/kv-42070133ad58343589977057fc72571b/oa-143-big-Data.db
441622413	/work/vcomp-pebble-1tb/cassandra-comprehensive-100g-20260914-141045/vcomp/cassandra-vcomp-fidelity-100g-20260914-141045-vcomp-20260914-144011/sstables/vcomp_100g/kv-3777033a62a93f0586763887a553576d/oa-38-big-Data.db
440474058	/work/vcomp-pebble-1tb/cassandra-comprehensive-100g-20260914-141045/vcomp/cassandra-vcomp-fidelity-100g-20260914-141045-vcomp-20260914-144011/sstables/vcomp_100g/kv-0fd61a668634348e82a60ce8056c72e4/oa-138-big-Data.db
440013807	/work/vcomp-pebble-1tb/cassandra-comprehensive-100g-20260914-141045/vcomp/cassandra-vcomp-fidelity-100g-20260914-141045-vcomp-20260914-144011/sstables/vcomp_100g/kv-76129887047e3a75a09dd376b5514088/oa-28-big-Data.db
439893531	/work/vcomp-pebble-1tb/cassandra-comprehensive-100g-20260914-141045/vcomp/cassandra-vcomp-fidelity-100g-20260914-141045-vcomp-20260914-144011/sstables/vcomp_100g/kv-f2c85ac516c535398aef1dfdb6839348/oa-99-big-Data.db
438221322	/work/vcomp-pebble-1tb/cassandra-comprehensive-100g-20260914-141045/vcomp/cassandra-vcomp-fidelity-100g-20260914-141045-vcomp-20260914-144011/sstables/vcomp_100g/kv-54a072abfbe93997805345837ce758f2/oa-33-big-Data.db
437567670	/work/vcomp-pebble-1tb/cassandra-comprehensive-100g-20260914-141045/vcomp/cassandra-vcomp-fidelity-100g-20260914-141045-vcomp-20260914-144011/sstables/vcomp_100g/kv-fd815fde52003ab2a0a58025371b2c89/oa-145-big-Data.db
437026824	/work/vcomp-pebble-1tb/cassandra-comprehensive-100g-20260914-141045/vcomp/cassandra-vcomp-fidelity-100g-20260914-141045-vcomp-20260914-144011/sstables/vcomp_100g/kv-751f68d51db63564b6e95e5934a4587f/oa-24-big-Data.db
435783384	/work/vcomp-pebble-1tb/cassandra-comprehensive-100g-20260914-141045/vcomp/cassandra-vcomp-fidelity-100g-20260914-141045-vcomp-20260914-144011/sstables/vcomp_100g/kv-cf51746e6c3f3616a4320e59ee33eb3e/oa-112-big-Data.db
435055041	/work/vcomp-pebble-1tb/cassandra-comprehensive-100g-20260914-141045/vcomp/cassandra-vcomp-fidelity-100g-20260914-141045-vcomp-20260914-144011/sstables/vcomp_100g/kv-6da0e016b69f312bb19e6550b7c40067/oa-13-big-Data.db
433278981	/work/vcomp-pebble-1tb/cassandra-comprehensive-100g-20260914-141045/vcomp/cassandra-vcomp-fidelity-100g-20260914-141045-vcomp-20260914-144011/sstables/vcomp_100g/kv-40b8bed9a5a231979d1b06dc1dc7b039/oa-6-big-Data.db
432052587	/work/vcomp-pebble-1tb/cassandra-comprehensive-100g-20260914-141045/vcomp/cassandra-vcomp-fidelity-100g-20260914-141045-vcomp-20260914-144011/sstables/vcomp_100g/kv-51bbdb337d3a3a2eaeec178d60293c19/oa-63-big-Data.db
429863184	/work/vcomp-pebble-1tb/cassandra-comprehensive-100g-20260914-141045/vcomp/cassandra-vcomp-fidelity-100g-20260914-141045-vcomp-20260914-144011/sstables/vcomp_100g/kv-0f5ee073044036e6bcb64742579e5497/oa-108-big-Data.db
429677343	/work/vcomp-pebble-1tb/cassandra-comprehensive-100g-20260914-141045/vcomp/cassandra-vcomp-fidelity-100g-20260914-141045-vcomp-20260914-144011/sstables/vcomp_100g/kv-d95c9640a42c35e694a1769be3563e38/oa-8-big-Data.db
427558158	/work/vcomp-pebble-1tb/cassandra-comprehensive-100g-20260914-141045/vcomp/cassandra-vcomp-fidelity-100g-20260914-141045-vcomp-20260914-144011/sstables/vcomp_100g/kv-c1f637c901b03c618bb55d0b137248dc/oa-149-big-Data.db
425492352	/work/vcomp-pebble-1tb/cassandra-comprehensive-100g-20260914-141045/vcomp/cassandra-vcomp-fidelity-100g-20260914-141045-vcomp-20260914-144011/sstables/vcomp_100g/kv-aca3689a3370300589d6c593d11d491e/oa-96-big-Data.db
425365425	/work/vcomp-pebble-1tb/cassandra-comprehensive-100g-20260914-141045/vcomp/cassandra-vcomp-fidelity-100g-20260914-141045-vcomp-20260914-144011/sstables/vcomp_100g/kv-082a0b92efb930de980874dc1597933f/oa-11-big-Data.db
424676772	/work/vcomp-pebble-1tb/cassandra-comprehensive-100g-20260914-141045/vcomp/cassandra-vcomp-fidelity-100g-20260914-141045-vcomp-20260914-144011/sstables/vcomp_100g/kv-1571b0d0829e35d3a4d12d190b41ccd1/oa-134-big-Data.db
424157742	/work/vcomp-pebble-1tb/cassandra-comprehensive-100g-20260914-141045/vcomp/cassandra-vcomp-fidelity-100g-20260914-141045-vcomp-20260914-144011/sstables/vcomp_100g/kv-8c82a7a8038f35e5b2f7bd808855125a/oa-22-big-Data.db
423368010	/work/vcomp-pebble-1tb/cassandra-comprehensive-100g-20260914-141045/vcomp/cassandra-vcomp-fidelity-100g-20260914-141045-vcomp-20260914-144011/sstables/vcomp_100g/kv-2737ef739ed13bcbb40c10c940cf461c/oa-42-big-Data.db
423181413	/work/vcomp-pebble-1tb/cassandra-comprehensive-100g-20260914-141045/vcomp/cassandra-vcomp-fidelity-100g-20260914-141045-vcomp-20260914-144011/sstables/vcomp_100g/kv-c568cae6691a3a63926cef27f69af3dd/oa-105-big-Data.db
419325246	/work/vcomp-pebble-1tb/cassandra-comprehensive-100g-20260914-141045/vcomp/cassandra-vcomp-fidelity-100g-20260914-141045-vcomp-20260914-144011/sstables/vcomp_100g/kv-c6b6186e92083dd3896ea9df2d29c040/oa-21-big-Data.db
416949057	/work/vcomp-pebble-1tb/cassandra-comprehensive-100g-20260914-141045/vcomp/cassandra-vcomp-fidelity-100g-20260914-141045-vcomp-20260914-144011/sstables/vcomp_100g/kv-7b76309e4b2431f3ac0cfd4053c284b9/oa-151-big-Data.db
414612567	/work/vcomp-pebble-1tb/cassandra-comprehensive-100g-20260914-141045/vcomp/cassandra-vcomp-fidelity-100g-20260914-141045-vcomp-20260914-144011/sstables/vcomp_100g/kv-c1852252162d3177859ffe86a8df3584/oa-50-big-Data.db
412643124	/work/vcomp-pebble-1tb/cassandra-comprehensive-100g-20260914-141045/vcomp/cassandra-vcomp-fidelity-100g-20260914-141045-vcomp-20260914-144011/sstables/vcomp_100g/kv-8d73c11c8e493f0791ebf33a30219446/oa-59-big-Data.db
412412427	/work/vcomp-pebble-1tb/cassandra-comprehensive-100g-20260914-141045/vcomp/cassandra-vcomp-fidelity-100g-20260914-141045-vcomp-20260914-144011/sstables/vcomp_100g/kv-0807d2da32f637d48303c52f733f94a3/oa-32-big-Data.db
411897924	/work/vcomp-pebble-1tb/cassandra-comprehensive-100g-20260914-141045/vcomp/cassandra-vcomp-fidelity-100g-20260914-141045-vcomp-20260914-144011/sstables/vcomp_100g/kv-88c65c0526d038bfb059a7f4ed6375cc/oa-56-big-Data.db
411038604	/work/vcomp-pebble-1tb/cassandra-comprehensive-100g-20260914-141045/vcomp/cassandra-vcomp-fidelity-100g-20260914-141045-vcomp-20260914-144011/sstables/vcomp_100g/kv-ab79fd8dc3df3f409cc0da462933a6d9/oa-101-big-Data.db
410095854	/work/vcomp-pebble-1tb/cassandra-comprehensive-100g-20260914-141045/vcomp/cassandra-vcomp-fidelity-100g-20260914-141045-vcomp-20260914-144011/sstables/vcomp_100g/kv-e9b650beae98322ab60677e826246bf0/oa-93-big-Data.db
409115925	/work/vcomp-pebble-1tb/cassandra-comprehensive-100g-20260914-141045/vcomp/cassandra-vcomp-fidelity-100g-20260914-141045-vcomp-20260914-144011/sstables/vcomp_100g/kv-47f50ef4ee0135ba8807141dc92e4c73/oa-30-big-Data.db
408332376	/work/vcomp-pebble-1tb/cassandra-comprehensive-100g-20260914-141045/vcomp/cassandra-vcomp-fidelity-100g-20260914-141045-vcomp-20260914-144011/sstables/vcomp_100g/kv-3c687b7b022f38dc83aaa8e6246be031/oa-58-big-Data.db
407464938	/work/vcomp-pebble-1tb/cassandra-comprehensive-100g-20260914-141045/vcomp/cassandra-vcomp-fidelity-100g-20260914-141045-vcomp-20260914-144011/sstables/vcomp_100g/kv-d589fde8b6bb3fce9e484fa42064c5da/oa-46-big-Data.db
407166588	/work/vcomp-pebble-1tb/cassandra-comprehensive-100g-20260914-141045/vcomp/cassandra-vcomp-fidelity-100g-20260914-141045-vcomp-20260914-144011/sstables/vcomp_100g/kv-c9e138cd44fb3ffc90a39197e07219c7/oa-126-big-Data.db
407092554	/work/vcomp-pebble-1tb/cassandra-comprehensive-100g-20260914-141045/vcomp/cassandra-vcomp-fidelity-100g-20260914-141045-vcomp-20260914-144011/sstables/vcomp_100g/kv-b51ea157dfdc3916b96500951bf3659b/oa-37-big-Data.db
406655784	/work/vcomp-pebble-1tb/cassandra-comprehensive-100g-20260914-141045/vcomp/cassandra-vcomp-fidelity-100g-20260914-141045-vcomp-20260914-144011/sstables/vcomp_100g/kv-a579a4e1dc473aafae4f8aef650ae0c7/oa-25-big-Data.db
406039932	/work/vcomp-pebble-1tb/cassandra-comprehensive-100g-20260914-141045/vcomp/cassandra-vcomp-fidelity-100g-20260914-141045-vcomp-20260914-144011/sstables/vcomp_100g/kv-432906f7e0553a01b3e7af48d630fede/oa-35-big-Data.db
403575489	/work/vcomp-pebble-1tb/cassandra-comprehensive-100g-20260914-141045/vcomp/cassandra-vcomp-fidelity-100g-20260914-141045-vcomp-20260914-144011/sstables/vcomp_100g/kv-cef12c96f3943eefa4e04337e839104f/oa-29-big-Data.db
403170831	/work/vcomp-pebble-1tb/cassandra-comprehensive-100g-20260914-141045/vcomp/cassandra-vcomp-fidelity-100g-20260914-141045-vcomp-20260914-144011/sstables/vcomp_100g/kv-e7f9de3691c53cc9925395bf6e300e08/oa-67-big-Data.db
402856956	/work/vcomp-pebble-1tb/cassandra-comprehensive-100g-20260914-141045/vcomp/cassandra-vcomp-fidelity-100g-20260914-141045-vcomp-20260914-144011/sstables/vcomp_100g/kv-58f85c7d6bf53f04b445866f034bab9f/oa-95-big-Data.db
400413132	/work/vcomp-pebble-1tb/cassandra-comprehensive-100g-20260914-141045/vcomp/cassandra-vcomp-fidelity-100g-20260914-141045-vcomp-20260914-144011/sstables/vcomp_100g/kv-9a2c08413bbc38dcbb9dd953bd78aded/oa-142-big-Data.db
399360969	/work/vcomp-pebble-1tb/cassandra-comprehensive-100g-20260914-141045/vcomp/cassandra-vcomp-fidelity-100g-20260914-141045-vcomp-20260914-144011/sstables/vcomp_100g/kv-a5940f270a8c37a0bfa272021c624ac2/oa-4-big-Data.db
399073923	/work/vcomp-pebble-1tb/cassandra-comprehensive-100g-20260914-141045/vcomp/cassandra-vcomp-fidelity-100g-20260914-141045-vcomp-20260914-144011/sstables/vcomp_100g/kv-ca27cabc250633518f64cc1e276f2f48/oa-169-big-Data.db
397550862	/work/vcomp-pebble-1tb/cassandra-comprehensive-100g-20260914-141045/vcomp/cassandra-vcomp-fidelity-100g-20260914-141045-vcomp-20260914-144011/sstables/vcomp_100g/kv-8634d7fe4ad837f58d18d4bd1ceb448d/oa-40-big-Data.db
397501596	/work/vcomp-pebble-1tb/cassandra-comprehensive-100g-20260914-141045/vcomp/cassandra-vcomp-fidelity-100g-20260914-141045-vcomp-20260914-144011/sstables/vcomp_100g/kv-b7c3590911cb3e2882abc97072c8b349/oa-146-big-Data.db
396114147	/work/vcomp-pebble-1tb/cassandra-comprehensive-100g-20260914-141045/vcomp/cassandra-vcomp-fidelity-100g-20260914-141045-vcomp-20260914-144011/sstables/vcomp_100g/kv-319a7068510f33058ed19e6c686b485e/oa-34-big-Data.db
395271576	/work/vcomp-pebble-1tb/cassandra-comprehensive-100g-20260914-141045/vcomp/cassandra-vcomp-fidelity-100g-20260914-141045-vcomp-20260914-144011/sstables/vcomp_100g/kv-9632d63638f73d5183d4a92ce64da4ba/oa-66-big-Data.db
395266590	/work/vcomp-pebble-1tb/cassandra-comprehensive-100g-20260914-141045/vcomp/cassandra-vcomp-fidelity-100g-20260914-141045-vcomp-20260914-144011/sstables/vcomp_100g/kv-a0af3c867245352d986b2509592e6899/oa-18-big-Data.db
395149500	/work/vcomp-pebble-1tb/cassandra-comprehensive-100g-20260914-141045/vcomp/cassandra-vcomp-fidelity-100g-20260914-141045-vcomp-20260914-144011/sstables/vcomp_100g/kv-462b13f398453fc6bb2b0d423bc39a12/oa-39-big-Data.db
394559442	/work/vcomp-pebble-1tb/cassandra-comprehensive-100g-20260914-141045/vcomp/cassandra-vcomp-fidelity-100g-20260914-141045-vcomp-20260914-144011/sstables/vcomp_100g/kv-1a73b67de9a330188f3015e6f11f5e42/oa-61-big-Data.db
394086636	/work/vcomp-pebble-1tb/cassandra-comprehensive-100g-20260914-141045/vcomp/cassandra-vcomp-fidelity-100g-20260914-141045-vcomp-20260914-144011/sstables/vcomp_100g/kv-c8e47f2822c5368590f16dbfd456ae78/oa-27-big-Data.db
393737787	/work/vcomp-pebble-1tb/cassandra-comprehensive-100g-20260914-141045/vcomp/cassandra-vcomp-fidelity-100g-20260914-141045-vcomp-20260914-144011/sstables/vcomp_100g/kv-5e770d4f18993e10b3508fcef791046b/oa-7-big-Data.db
392932746	/work/vcomp-pebble-1tb/cassandra-comprehensive-100g-20260914-141045/vcomp/cassandra-vcomp-fidelity-100g-20260914-141045-vcomp-20260914-144011/sstables/vcomp_100g/kv-7ffb26a2a8b43a658651590671e1bb43/oa-55-big-Data.db
392478057	/work/vcomp-pebble-1tb/cassandra-comprehensive-100g-20260914-141045/vcomp/cassandra-vcomp-fidelity-100g-20260914-141045-vcomp-20260914-144011/sstables/vcomp_100g/kv-0be9990e52e936328b1fd5d4da718dbe/oa-150-big-Data.db
390573477	/work/vcomp-pebble-1tb/cassandra-comprehensive-100g-20260914-141045/vcomp/cassandra-vcomp-fidelity-100g-20260914-141045-vcomp-20260914-144011/sstables/vcomp_100g/kv-6de5038f5b903050b9755b7d65c6998e/oa-170-big-Data.db
389792340	/work/vcomp-pebble-1tb/cassandra-comprehensive-100g-20260914-141045/vcomp/cassandra-vcomp-fidelity-100g-20260914-141045-vcomp-20260914-144011/sstables/vcomp_100g/kv-96d3b75603ca3d619f7b58a44aa7a3a2/oa-31-big-Data.db
389404269	/work/vcomp-pebble-1tb/cassandra-comprehensive-100g-20260914-141045/vcomp/cassandra-vcomp-fidelity-100g-20260914-141045-vcomp-20260914-144011/sstables/vcomp_100g/kv-6195bd3e87a73a09997d3e30ec93eb4c/oa-36-big-Data.db
386211456	/work/vcomp-pebble-1tb/cassandra-comprehensive-100g-20260914-141045/vcomp/cassandra-vcomp-fidelity-100g-20260914-141045-vcomp-20260914-144011/sstables/vcomp_100g/kv-ddbe751f6c2538699e98fb5ef51b949d/oa-16-big-Data.db
385490826	/work/vcomp-pebble-1tb/cassandra-comprehensive-100g-20260914-141045/vcomp/cassandra-vcomp-fidelity-100g-20260914-141045-vcomp-20260914-144011/sstables/vcomp_100g/kv-30c7c7ea018937f0913152bce52bf3fe/oa-65-big-Data.db
382977711	/work/vcomp-pebble-1tb/cassandra-comprehensive-100g-20260914-141045/vcomp/cassandra-vcomp-fidelity-100g-20260914-141045-vcomp-20260914-144011/sstables/vcomp_100g/kv-1cdb03bf344934649782748ccae8c10c/oa-14-big-Data.db
381663549	/work/vcomp-pebble-1tb/cassandra-comprehensive-100g-20260914-141045/vcomp/cassandra-vcomp-fidelity-100g-20260914-141045-vcomp-20260914-144011/sstables/vcomp_100g/kv-df5f313897313d43825e288566a2b78a/oa-177-big-Data.db
370694412	/work/vcomp-pebble-1tb/cassandra-comprehensive-100g-20260914-141045/vcomp/cassandra-vcomp-fidelity-100g-20260914-141045-vcomp-20260914-144011/sstables/vcomp_100g/kv-1ffcbf32c06c311dbdc0518f0c6cca16/oa-5-big-Data.db
368759043	/work/vcomp-pebble-1tb/cassandra-comprehensive-100g-20260914-141045/vcomp/cassandra-vcomp-fidelity-100g-20260914-141045-vcomp-20260914-144011/sstables/vcomp_100g/kv-dcb1bb47090636bf8fb6e859102a4c5e/oa-52-big-Data.db
366519168	/work/vcomp-pebble-1tb/cassandra-comprehensive-100g-20260914-141045/vcomp/cassandra-vcomp-fidelity-100g-20260914-141045-vcomp-20260914-144011/sstables/vcomp_100g/kv-69e44093a64d3b70aa550cbd66136d78/oa-57-big-Data.db
365667444	/work/vcomp-pebble-1tb/cassandra-comprehensive-100g-20260914-141045/vcomp/cassandra-vcomp-fidelity-100g-20260914-141045-vcomp-20260914-144011/sstables/vcomp_100g/kv-9cd86f3053fd38209dd9a51654bd756b/oa-19-big-Data.db
365168412	/work/vcomp-pebble-1tb/cassandra-comprehensive-100g-20260914-141045/vcomp/cassandra-vcomp-fidelity-100g-20260914-141045-vcomp-20260914-144011/sstables/vcomp_100g/kv-6f5cce9d527b3229910da6548e3ab5a8/oa-64-big-Data.db
362401011	/work/vcomp-pebble-1tb/cassandra-comprehensive-100g-20260914-141045/vcomp/cassandra-vcomp-fidelity-100g-20260914-141045-vcomp-20260914-144011/sstables/vcomp_100g/kv-478f8800744038f78a7f1f5bef0bcc97/oa-41-big-Data.db
358868421	/work/vcomp-pebble-1tb/cassandra-comprehensive-100g-20260914-141045/vcomp/cassandra-vcomp-fidelity-100g-20260914-141045-vcomp-20260914-144011/sstables/vcomp_100g/kv-53b8af863b8132e6890762d4795b3cbe/oa-47-big-Data.db
357909651	/work/vcomp-pebble-1tb/cassandra-comprehensive-100g-20260914-141045/vcomp/cassandra-vcomp-fidelity-100g-20260914-141045-vcomp-20260914-144011/sstables/vcomp_100g/kv-499129ab80de39b99b00afaade8fd3d7/oa-178-big-Data.db
354949911	/work/vcomp-pebble-1tb/cassandra-comprehensive-100g-20260914-141045/vcomp/cassandra-vcomp-fidelity-100g-20260914-141045-vcomp-20260914-144011/sstables/vcomp_100g/kv-a89ea28f30db3a1b8cf2a5ae0b5527d6/oa-45-big-Data.db
354363039	/work/vcomp-pebble-1tb/cassandra-comprehensive-100g-20260914-141045/vcomp/cassandra-vcomp-fidelity-100g-20260914-141045-vcomp-20260914-144011/sstables/vcomp_100g/kv-3d2c8607959c3af9bac4a78f4bf377b3/oa-20-big-Data.db
339618429	/work/vcomp-pebble-1tb/cassandra-comprehensive-100g-20260914-141045/vcomp/cassandra-vcomp-fidelity-100g-20260914-141045-vcomp-20260914-144011/sstables/vcomp_100g/kv-3ab4eabf61873f2f90427fcc53a2a0bd/oa-43-big-Data.db
334909260	/work/vcomp-pebble-1tb/cassandra-comprehensive-100g-20260914-141045/vcomp/cassandra-vcomp-fidelity-100g-20260914-141045-vcomp-20260914-144011/sstables/vcomp_100g/kv-5d9a12cffb2d3b79aa53a6fb2b80d15d/oa-17-big-Data.db
334736388	/work/vcomp-pebble-1tb/cassandra-comprehensive-100g-20260914-141045/vcomp/cassandra-vcomp-fidelity-100g-20260914-141045-vcomp-20260914-144011/sstables/vcomp_100g/kv-be3ae41c532b3610aca5b47213eb4217/oa-132-big-Data.db
333291528	/work/vcomp-pebble-1tb/cassandra-comprehensive-100g-20260914-141045/vcomp/cassandra-vcomp-fidelity-100g-20260914-141045-vcomp-20260914-144011/sstables/vcomp_100g/kv-4944e44a61753607b11ccdc5f5164708/oa-171-big-Data.db
321660387	/work/vcomp-pebble-1tb/cassandra-comprehensive-100g-20260914-141045/vcomp/cassandra-vcomp-fidelity-100g-20260914-141045-vcomp-20260914-144011/sstables/vcomp_100g/kv-b8011d00808b3b8d892a63e0122717e3/oa-133-big-Data.db
318202452	/work/vcomp-pebble-1tb/cassandra-comprehensive-100g-20260914-141045/vcomp/cassandra-vcomp-fidelity-100g-20260914-141045-vcomp-20260914-144011/sstables/vcomp_100g/kv-2a7d724d41c53706a8c5f8e62af33838/oa-172-big-Data.db
288925785	/work/vcomp-pebble-1tb/cassandra-comprehensive-100g-20260914-141045/vcomp/cassandra-vcomp-fidelity-100g-20260914-141045-vcomp-20260914-144011/sstables/vcomp_100g/kv-58e2f9710ec33d9ab1a55de0a41a3f4f/oa-187-big-Data.db
282356532	/work/vcomp-pebble-1tb/cassandra-comprehensive-100g-20260914-141045/vcomp/cassandra-vcomp-fidelity-100g-20260914-141045-vcomp-20260914-144011/sstables/vcomp_100g/kv-1c1f4b5172f13e8ea2dd29f0c989f124/oa-188-big-Data.db
269751546	/work/vcomp-pebble-1tb/cassandra-comprehensive-100g-20260914-141045/vcomp/cassandra-vcomp-fidelity-100g-20260914-141045-vcomp-20260914-144011/sstables/vcomp_100g/kv-8dcb357aa17f3b648dc7f4417c2b869c/oa-190-big-Data.db
265773222	/work/vcomp-pebble-1tb/cassandra-comprehensive-100g-20260914-141045/vcomp/cassandra-vcomp-fidelity-100g-20260914-141045-vcomp-20260914-144011/sstables/vcomp_100g/kv-55084d5631aa3c8e94c9281768784a35/oa-191-big-Data.db
262645101	/work/vcomp-pebble-1tb/cassandra-comprehensive-100g-20260914-141045/vcomp/cassandra-vcomp-fidelity-100g-20260914-141045-vcomp-20260914-144011/sstables/vcomp_100g/kv-b964d712f5ed3383aecdb861f772360e/oa-26-big-Data.db
252714771	/work/vcomp-pebble-1tb/cassandra-comprehensive-100g-20260914-141045/vcomp/cassandra-vcomp-fidelity-100g-20260914-141045-vcomp-20260914-144011/sstables/vcomp_100g/kv-fbb46610a4d433689090e626ce36b1e0/oa-189-big-Data.db
243461844	/work/vcomp-pebble-1tb/cassandra-comprehensive-100g-20260914-141045/vcomp/cassandra-vcomp-fidelity-100g-20260914-141045-vcomp-20260914-144011/sstables/vcomp_100g/kv-43b44c66b6893e55b973159536ca6834/oa-186-big-Data.db
243321732	/work/vcomp-pebble-1tb/cassandra-comprehensive-100g-20260914-141045/vcomp/cassandra-vcomp-fidelity-100g-20260914-141045-vcomp-20260914-144011/sstables/vcomp_100g/kv-6b74f7eb6a513925a19fa178034e3f17/oa-184-big-Data.db
235209024	/work/vcomp-pebble-1tb/cassandra-comprehensive-100g-20260914-141045/vcomp/cassandra-vcomp-fidelity-100g-20260914-141045-vcomp-20260914-144011/sstables/vcomp_100g/kv-7c0824e63095361895b751032fb8ed45/oa-185-big-Data.db
208649565	/work/vcomp-pebble-1tb/cassandra-comprehensive-100g-20260914-141045/vcomp/cassandra-vcomp-fidelity-100g-20260914-141045-vcomp-20260914-144011/sstables/vcomp_100g/kv-8e2e4db2ffc138db9e4f0d717ecd41d3/oa-174-big-Data.db
208395990	/work/vcomp-pebble-1tb/cassandra-comprehensive-100g-20260914-141045/vcomp/cassandra-vcomp-fidelity-100g-20260914-141045-vcomp-20260914-144011/sstables/vcomp_100g/kv-275ecff19ec03f399ffffbf9278d173f/oa-179-big-Data.db
201192804	/work/vcomp-pebble-1tb/cassandra-comprehensive-100g-20260914-141045/vcomp/cassandra-vcomp-fidelity-100g-20260914-141045-vcomp-20260914-144011/sstables/vcomp_100g/kv-8d1249df4b8738779cae42a7b46a6af0/oa-176-big-Data.db
195911370	/work/vcomp-pebble-1tb/cassandra-comprehensive-100g-20260914-141045/vcomp/cassandra-vcomp-fidelity-100g-20260914-141045-vcomp-20260914-144011/sstables/vcomp_100g/kv-f4223faec8503c179d98f459ddf019ef/oa-182-big-Data.db
194546034	/work/vcomp-pebble-1tb/cassandra-comprehensive-100g-20260914-141045/vcomp/cassandra-vcomp-fidelity-100g-20260914-141045-vcomp-20260914-144011/sstables/vcomp_100g/kv-2092b0c8401a3997874802c9e0e5f22b/oa-168-big-Data.db
191555055	/work/vcomp-pebble-1tb/cassandra-comprehensive-100g-20260914-141045/vcomp/cassandra-vcomp-fidelity-100g-20260914-141045-vcomp-20260914-144011/sstables/vcomp_100g/kv-eb5e214f543b34d5b71b881239b62873/oa-175-big-Data.db
140002164	/work/vcomp-pebble-1tb/cassandra-comprehensive-100g-20260914-141045/vcomp/cassandra-vcomp-fidelity-100g-20260914-141045-vcomp-20260914-144011/sstables/vcomp_100g/kv-e312991e72613ab690c2e6db48963bfd/oa-183-big-Data.db
106549299	/work/vcomp-pebble-1tb/cassandra-comprehensive-100g-20260914-141045/vcomp/cassandra-vcomp-fidelity-100g-20260914-141045-vcomp-20260914-144011/sstables/vcomp_100g/kv-9e3ece1a1830332aa0beeaeecdaf0d48/oa-173-big-Data.db
103986639	/work/vcomp-pebble-1tb/cassandra-comprehensive-100g-20260914-141045/vcomp/cassandra-vcomp-fidelity-100g-20260914-141045-vcomp-20260914-144011/sstables/vcomp_100g/kv-748248163a9639acb6013150c12f5901/oa-181-big-Data.db
86260500	/work/vcomp-pebble-1tb/cassandra-comprehensive-100g-20260914-141045/vcomp/cassandra-vcomp-fidelity-100g-20260914-141045-vcomp-20260914-144011/sstables/vcomp_100g/kv-df862575328830c79860ad746adeb46a/oa-180-big-Data.db
