580038732	/work/vcomp-pebble-1tb/cassandra-fidelity-100g-20260914-111023/vcomp/cassandra-vcomp-fidelity-100g-20260914-111023-vcomp-20260914-125115/sstables/vcomp_100g/kv-56ea9afd71983abab0d3ae71a4e04722/oa-172-big-Data.db
574703361	/work/vcomp-pebble-1tb/cassandra-fidelity-100g-20260914-111023/vcomp/cassandra-vcomp-fidelity-100g-20260914-111023-vcomp-20260914-125115/sstables/vcomp_100g/kv-c1c19ab809203e2c8c1d48577d3381cf/oa-182-big-Data.db
570834396	/work/vcomp-pebble-1tb/cassandra-fidelity-100g-20260914-111023/vcomp/cassandra-vcomp-fidelity-100g-20260914-111023-vcomp-20260914-125115/sstables/vcomp_100g/kv-46599fea984b31e0b047b1f113a5fb71/oa-178-big-Data.db
561269961	/work/vcomp-pebble-1tb/cassandra-fidelity-100g-20260914-111023/vcomp/cassandra-vcomp-fidelity-100g-20260914-111023-vcomp-20260914-125115/sstables/vcomp_100g/kv-bf05ef2ec457300190f11e7b2efd94d5/oa-142-big-Data.db
556669035	/work/vcomp-pebble-1tb/cassandra-fidelity-100g-20260914-111023/vcomp/cassandra-vcomp-fidelity-100g-20260914-111023-vcomp-20260914-125115/sstables/vcomp_100g/kv-af677fc3b9f2306abf2fe0a09c04f178/oa-97-big-Data.db
550495287	/work/vcomp-pebble-1tb/cassandra-fidelity-100g-20260914-111023/vcomp/cassandra-vcomp-fidelity-100g-20260914-111023-vcomp-20260914-125115/sstables/vcomp_100g/kv-aa89ca89fc6f3fb3905d82db10092c70/oa-61-big-Data.db
550240596	/work/vcomp-pebble-1tb/cassandra-fidelity-100g-20260914-111023/vcomp/cassandra-vcomp-fidelity-100g-20260914-111023-vcomp-20260914-125115/sstables/vcomp_100g/kv-6c1283925fc735f28b9d1a7e3761016c/oa-143-big-Data.db
547466301	/work/vcomp-pebble-1tb/cassandra-fidelity-100g-20260914-111023/vcomp/cassandra-vcomp-fidelity-100g-20260914-111023-vcomp-20260914-125115/sstables/vcomp_100g/kv-06955f899c2b3a2c9538b0c379c3d579/oa-140-big-Data.db
545319063	/work/vcomp-pebble-1tb/cassandra-fidelity-100g-20260914-111023/vcomp/cassandra-vcomp-fidelity-100g-20260914-111023-vcomp-20260914-125115/sstables/vcomp_100g/kv-d7696d7fd2fa3b0fba15712d941dfc6d/oa-127-big-Data.db
544985190	/work/vcomp-pebble-1tb/cassandra-fidelity-100g-20260914-111023/vcomp/cassandra-vcomp-fidelity-100g-20260914-111023-vcomp-20260914-125115/sstables/vcomp_100g/kv-99a3d7e0c8473067aca64fbef91b6e9f/oa-159-big-Data.db
544947957	/work/vcomp-pebble-1tb/cassandra-fidelity-100g-20260914-111023/vcomp/cassandra-vcomp-fidelity-100g-20260914-111023-vcomp-20260914-125115/sstables/vcomp_100g/kv-aefb3f3c28f63a43b0839c3a5d77820b/oa-144-big-Data.db
534492063	/work/vcomp-pebble-1tb/cassandra-fidelity-100g-20260914-111023/vcomp/cassandra-vcomp-fidelity-100g-20260914-111023-vcomp-20260914-125115/sstables/vcomp_100g/kv-6bfd3bda406133009be17bca251e55c3/oa-173-big-Data.db
534306771	/work/vcomp-pebble-1tb/cassandra-fidelity-100g-20260914-111023/vcomp/cassandra-vcomp-fidelity-100g-20260914-111023-vcomp-20260914-125115/sstables/vcomp_100g/kv-1485ddd2805e3bf6b31d8a83233778b3/oa-179-big-Data.db
533208717	/work/vcomp-pebble-1tb/cassandra-fidelity-100g-20260914-111023/vcomp/cassandra-vcomp-fidelity-100g-20260914-111023-vcomp-20260914-125115/sstables/vcomp_100g/kv-7faea0c91f413f8fb09cc4680d22ac8b/oa-48-big-Data.db
528162462	/work/vcomp-pebble-1tb/cassandra-fidelity-100g-20260914-111023/vcomp/cassandra-vcomp-fidelity-100g-20260914-111023-vcomp-20260914-125115/sstables/vcomp_100g/kv-663afc0343193a299cf3b102c4c14b9d/oa-138-big-Data.db
527514885	/work/vcomp-pebble-1tb/cassandra-fidelity-100g-20260914-111023/vcomp/cassandra-vcomp-fidelity-100g-20260914-111023-vcomp-20260914-125115/sstables/vcomp_100g/kv-cafce55590523d569c2f57133350117a/oa-133-big-Data.db
525588993	/work/vcomp-pebble-1tb/cassandra-fidelity-100g-20260914-111023/vcomp/cassandra-vcomp-fidelity-100g-20260914-111023-vcomp-20260914-125115/sstables/vcomp_100g/kv-70f32cc7e0b53c8ca49017b6b7bf27fa/oa-139-big-Data.db
524359548	/work/vcomp-pebble-1tb/cassandra-fidelity-100g-20260914-111023/vcomp/cassandra-vcomp-fidelity-100g-20260914-111023-vcomp-20260914-125115/sstables/vcomp_100g/kv-8db6b2977a813b498bce6eda4cffec76/oa-147-big-Data.db
523623474	/work/vcomp-pebble-1tb/cassandra-fidelity-100g-20260914-111023/vcomp/cassandra-vcomp-fidelity-100g-20260914-111023-vcomp-20260914-125115/sstables/vcomp_100g/kv-8436fab1ba5530b1a82a2ef500864510/oa-119-big-Data.db
518598000	/work/vcomp-pebble-1tb/cassandra-fidelity-100g-20260914-111023/vcomp/cassandra-vcomp-fidelity-100g-20260914-111023-vcomp-20260914-125115/sstables/vcomp_100g/kv-0b07e41cadfa35e48d0c5e057841d893/oa-151-big-Data.db
516890367	/work/vcomp-pebble-1tb/cassandra-fidelity-100g-20260914-111023/vcomp/cassandra-vcomp-fidelity-100g-20260914-111023-vcomp-20260914-125115/sstables/vcomp_100g/kv-45a932046aef3034b9741eb0c6018642/oa-135-big-Data.db
514594323	/work/vcomp-pebble-1tb/cassandra-fidelity-100g-20260914-111023/vcomp/cassandra-vcomp-fidelity-100g-20260914-111023-vcomp-20260914-125115/sstables/vcomp_100g/kv-017803adf39138178adb1d48ca40a5ed/oa-175-big-Data.db
514435806	/work/vcomp-pebble-1tb/cassandra-fidelity-100g-20260914-111023/vcomp/cassandra-vcomp-fidelity-100g-20260914-111023-vcomp-20260914-125115/sstables/vcomp_100g/kv-ad5d9fefbf4f360e80a4c28b41585485/oa-115-big-Data.db
512971065	/work/vcomp-pebble-1tb/cassandra-fidelity-100g-20260914-111023/vcomp/cassandra-vcomp-fidelity-100g-20260914-111023-vcomp-20260914-125115/sstables/vcomp_100g/kv-5af7a14618073ad981ffdd378ae60973/oa-96-big-Data.db
512434557	/work/vcomp-pebble-1tb/cassandra-fidelity-100g-20260914-111023/vcomp/cassandra-vcomp-fidelity-100g-20260914-111023-vcomp-20260914-125115/sstables/vcomp_100g/kv-462c3c9f002838a7b5ccff82f9d5a044/oa-134-big-Data.db
512059941	/work/vcomp-pebble-1tb/cassandra-fidelity-100g-20260914-111023/vcomp/cassandra-vcomp-fidelity-100g-20260914-111023-vcomp-20260914-125115/sstables/vcomp_100g/kv-5a6b19489443361691d0eecb181e0258/oa-162-big-Data.db
506685618	/work/vcomp-pebble-1tb/cassandra-fidelity-100g-20260914-111023/vcomp/cassandra-vcomp-fidelity-100g-20260914-111023-vcomp-20260914-125115/sstables/vcomp_100g/kv-e532fe3810fb3ba1ae470c177903492d/oa-112-big-Data.db
504925110	/work/vcomp-pebble-1tb/cassandra-fidelity-100g-20260914-111023/vcomp/cassandra-vcomp-fidelity-100g-20260914-111023-vcomp-20260914-125115/sstables/vcomp_100g/kv-1f392ee4eb573534b3703e6fe9cc82d9/oa-103-big-Data.db
504788625	/work/vcomp-pebble-1tb/cassandra-fidelity-100g-20260914-111023/vcomp/cassandra-vcomp-fidelity-100g-20260914-111023-vcomp-20260914-125115/sstables/vcomp_100g/kv-a5302a2778323a3199d1c1a4bc6bd8c1/oa-102-big-Data.db
502532739	/work/vcomp-pebble-1tb/cassandra-fidelity-100g-20260914-111023/vcomp/cassandra-vcomp-fidelity-100g-20260914-111023-vcomp-20260914-125115/sstables/vcomp_100g/kv-7eb415c6c9423f6a97ca081aa079a1ed/oa-132-big-Data.db
502484337	/work/vcomp-pebble-1tb/cassandra-fidelity-100g-20260914-111023/vcomp/cassandra-vcomp-fidelity-100g-20260914-111023-vcomp-20260914-125115/sstables/vcomp_100g/kv-c1866ba3bcb53143bdd69f5719a20052/oa-150-big-Data.db
502137045	/work/vcomp-pebble-1tb/cassandra-fidelity-100g-20260914-111023/vcomp/cassandra-vcomp-fidelity-100g-20260914-111023-vcomp-20260914-125115/sstables/vcomp_100g/kv-55750a34775e378d9887e20170a4802b/oa-141-big-Data.db
500582196	/work/vcomp-pebble-1tb/cassandra-fidelity-100g-20260914-111023/vcomp/cassandra-vcomp-fidelity-100g-20260914-111023-vcomp-20260914-125115/sstables/vcomp_100g/kv-0b11c13bade337e8a487e60f56540f4c/oa-50-big-Data.db
499582872	/work/vcomp-pebble-1tb/cassandra-fidelity-100g-20260914-111023/vcomp/cassandra-vcomp-fidelity-100g-20260914-111023-vcomp-20260914-125115/sstables/vcomp_100g/kv-9cd058f7603438a1925d541a6bff3e9d/oa-184-big-Data.db
499025745	/work/vcomp-pebble-1tb/cassandra-fidelity-100g-20260914-111023/vcomp/cassandra-vcomp-fidelity-100g-20260914-111023-vcomp-20260914-125115/sstables/vcomp_100g/kv-63c2014f5d5d324d9050fdb63999b279/oa-155-big-Data.db
496857150	/work/vcomp-pebble-1tb/cassandra-fidelity-100g-20260914-111023/vcomp/cassandra-vcomp-fidelity-100g-20260914-111023-vcomp-20260914-125115/sstables/vcomp_100g/kv-258f8336a30335e2a67e485240538864/oa-70-big-Data.db
496407717	/work/vcomp-pebble-1tb/cassandra-fidelity-100g-20260914-111023/vcomp/cassandra-vcomp-fidelity-100g-20260914-111023-vcomp-20260914-125115/sstables/vcomp_100g/kv-9261335d2a533333a48372d5f761e6d9/oa-177-big-Data.db
494118486	/work/vcomp-pebble-1tb/cassandra-fidelity-100g-20260914-111023/vcomp/cassandra-vcomp-fidelity-100g-20260914-111023-vcomp-20260914-125115/sstables/vcomp_100g/kv-aa159c4f09193bfabc85fa3eb3926412/oa-104-big-Data.db
494107371	/work/vcomp-pebble-1tb/cassandra-fidelity-100g-20260914-111023/vcomp/cassandra-vcomp-fidelity-100g-20260914-111023-vcomp-20260914-125115/sstables/vcomp_100g/kv-69e44093a64d3b70aa550cbd66136d78/oa-25-big-Data.db
493106805	/work/vcomp-pebble-1tb/cassandra-fidelity-100g-20260914-111023/vcomp/cassandra-vcomp-fidelity-100g-20260914-111023-vcomp-20260914-125115/sstables/vcomp_100g/kv-def15c896f43339693e14b26c3bcb984/oa-180-big-Data.db
491872536	/work/vcomp-pebble-1tb/cassandra-fidelity-100g-20260914-111023/vcomp/cassandra-vcomp-fidelity-100g-20260914-111023-vcomp-20260914-125115/sstables/vcomp_100g/kv-bf101ef3702b3b9b8b81fce44e94a919/oa-137-big-Data.db
491393115	/work/vcomp-pebble-1tb/cassandra-fidelity-100g-20260914-111023/vcomp/cassandra-vcomp-fidelity-100g-20260914-111023-vcomp-20260914-125115/sstables/vcomp_100g/kv-1851471c6bdd303793446a4c18ac5da6/oa-145-big-Data.db
489299580	/work/vcomp-pebble-1tb/cassandra-fidelity-100g-20260914-111023/vcomp/cassandra-vcomp-fidelity-100g-20260914-111023-vcomp-20260914-125115/sstables/vcomp_100g/kv-dfa2dadb84573325b186521ab5fb1cdc/oa-187-big-Data.db
488424600	/work/vcomp-pebble-1tb/cassandra-fidelity-100g-20260914-111023/vcomp/cassandra-vcomp-fidelity-100g-20260914-111023-vcomp-20260914-125115/sstables/vcomp_100g/kv-9cb87c0a5a7f3d4f8c9a254369ff92e8/oa-157-big-Data.db
488299743	/work/vcomp-pebble-1tb/cassandra-fidelity-100g-20260914-111023/vcomp/cassandra-vcomp-fidelity-100g-20260914-111023-vcomp-20260914-125115/sstables/vcomp_100g/kv-4d03285fdb073378925bbce5c7076fd3/oa-154-big-Data.db
487851237	/work/vcomp-pebble-1tb/cassandra-fidelity-100g-20260914-111023/vcomp/cassandra-vcomp-fidelity-100g-20260914-111023-vcomp-20260914-125115/sstables/vcomp_100g/kv-a5a6f7eecbec3954999ed2f5ccbf1b68/oa-156-big-Data.db
487315017	/work/vcomp-pebble-1tb/cassandra-fidelity-100g-20260914-111023/vcomp/cassandra-vcomp-fidelity-100g-20260914-111023-vcomp-20260914-125115/sstables/vcomp_100g/kv-5cb704fac1fa38f4ad6b39a8e7c09819/oa-153-big-Data.db
484546590	/work/vcomp-pebble-1tb/cassandra-fidelity-100g-20260914-111023/vcomp/cassandra-vcomp-fidelity-100g-20260914-111023-vcomp-20260914-125115/sstables/vcomp_100g/kv-4832f96a879a3b1aa585ee84f58f6fde/oa-185-big-Data.db
484319349	/work/vcomp-pebble-1tb/cassandra-fidelity-100g-20260914-111023/vcomp/cassandra-vcomp-fidelity-100g-20260914-111023-vcomp-20260914-125115/sstables/vcomp_100g/kv-508d2b4a8f4630c68ca1dc657e2fd448/oa-79-big-Data.db
482994252	/work/vcomp-pebble-1tb/cassandra-fidelity-100g-20260914-111023/vcomp/cassandra-vcomp-fidelity-100g-20260914-111023-vcomp-20260914-125115/sstables/vcomp_100g/kv-9db3d9a058113e67b96233fdea167765/oa-107-big-Data.db
482389155	/work/vcomp-pebble-1tb/cassandra-fidelity-100g-20260914-111023/vcomp/cassandra-vcomp-fidelity-100g-20260914-111023-vcomp-20260914-125115/sstables/vcomp_100g/kv-7d44d41a1c513a3885babc016c97aa2c/oa-77-big-Data.db
482351985	/work/vcomp-pebble-1tb/cassandra-fidelity-100g-20260914-111023/vcomp/cassandra-vcomp-fidelity-100g-20260914-111023-vcomp-20260914-125115/sstables/vcomp_100g/kv-c50499e6737a30a1b603505e378f8a62/oa-183-big-Data.db
481609719	/work/vcomp-pebble-1tb/cassandra-fidelity-100g-20260914-111023/vcomp/cassandra-vcomp-fidelity-100g-20260914-111023-vcomp-20260914-125115/sstables/vcomp_100g/kv-60fedbdd86b13abc9f86254e858acd02/oa-52-big-Data.db
480992616	/work/vcomp-pebble-1tb/cassandra-fidelity-100g-20260914-111023/vcomp/cassandra-vcomp-fidelity-100g-20260914-111023-vcomp-20260914-125115/sstables/vcomp_100g/kv-81a1684d37e4382a9fdd6abd2d2a959d/oa-181-big-Data.db
480512538	/work/vcomp-pebble-1tb/cassandra-fidelity-100g-20260914-111023/vcomp/cassandra-vcomp-fidelity-100g-20260914-111023-vcomp-20260914-125115/sstables/vcomp_100g/kv-30c7c7ea018937f0913152bce52bf3fe/oa-33-big-Data.db
479954214	/work/vcomp-pebble-1tb/cassandra-fidelity-100g-20260914-111023/vcomp/cassandra-vcomp-fidelity-100g-20260914-111023-vcomp-20260914-125115/sstables/vcomp_100g/kv-1bd598de9e3b3fbeaa50b50d00a42281/oa-174-big-Data.db
479922912	/work/vcomp-pebble-1tb/cassandra-fidelity-100g-20260914-111023/vcomp/cassandra-vcomp-fidelity-100g-20260914-111023-vcomp-20260914-125115/sstables/vcomp_100g/kv-3bf87e976ba131ca91b9134415c198a9/oa-149-big-Data.db
478875960	/work/vcomp-pebble-1tb/cassandra-fidelity-100g-20260914-111023/vcomp/cassandra-vcomp-fidelity-100g-20260914-111023-vcomp-20260914-125115/sstables/vcomp_100g/kv-0aadf39abd8c388da17d4fceb40eaad7/oa-89-big-Data.db
478681218	/work/vcomp-pebble-1tb/cassandra-fidelity-100g-20260914-111023/vcomp/cassandra-vcomp-fidelity-100g-20260914-111023-vcomp-20260914-125115/sstables/vcomp_100g/kv-4ac7f53c6d283707b5d82530418566ab/oa-121-big-Data.db
477476856	/work/vcomp-pebble-1tb/cassandra-fidelity-100g-20260914-111023/vcomp/cassandra-vcomp-fidelity-100g-20260914-111023-vcomp-20260914-125115/sstables/vcomp_100g/kv-3c687b7b022f38dc83aaa8e6246be031/oa-26-big-Data.db
476879202	/work/vcomp-pebble-1tb/cassandra-fidelity-100g-20260914-111023/vcomp/cassandra-vcomp-fidelity-100g-20260914-111023-vcomp-20260914-125115/sstables/vcomp_100g/kv-61dfd0bff6b536c3bef23976483e4b21/oa-176-big-Data.db
476351784	/work/vcomp-pebble-1tb/cassandra-fidelity-100g-20260914-111023/vcomp/cassandra-vcomp-fidelity-100g-20260914-111023-vcomp-20260914-125115/sstables/vcomp_100g/kv-c76be55e04c63184ad322950ced8d8d5/oa-16-big-Data.db
476145225	/work/vcomp-pebble-1tb/cassandra-fidelity-100g-20260914-111023/vcomp/cassandra-vcomp-fidelity-100g-20260914-111023-vcomp-20260914-125115/sstables/vcomp_100g/kv-e86d856fdd773e8b8b130d5ce7403d13/oa-136-big-Data.db
475795062	/work/vcomp-pebble-1tb/cassandra-fidelity-100g-20260914-111023/vcomp/cassandra-vcomp-fidelity-100g-20260914-111023-vcomp-20260914-125115/sstables/vcomp_100g/kv-77b37850ceb731eaad2be71d02cc0156/oa-74-big-Data.db
474416172	/work/vcomp-pebble-1tb/cassandra-fidelity-100g-20260914-111023/vcomp/cassandra-vcomp-fidelity-100g-20260914-111023-vcomp-20260914-125115/sstables/vcomp_100g/kv-f6d75e0a1a6837feba8634b76bc10b39/oa-99-big-Data.db
472776975	/work/vcomp-pebble-1tb/cassandra-fidelity-100g-20260914-111023/vcomp/cassandra-vcomp-fidelity-100g-20260914-111023-vcomp-20260914-125115/sstables/vcomp_100g/kv-9632d63638f73d5183d4a92ce64da4ba/oa-34-big-Data.db
472609008	/work/vcomp-pebble-1tb/cassandra-fidelity-100g-20260914-111023/vcomp/cassandra-vcomp-fidelity-100g-20260914-111023-vcomp-20260914-125115/sstables/vcomp_100g/kv-f3223b9cde3533b7a117f4878bbad88a/oa-71-big-Data.db
470546064	/work/vcomp-pebble-1tb/cassandra-fidelity-100g-20260914-111023/vcomp/cassandra-vcomp-fidelity-100g-20260914-111023-vcomp-20260914-125115/sstables/vcomp_100g/kv-ec5ce0db5e0e391d9697266a88573f88/oa-186-big-Data.db
466733421	/work/vcomp-pebble-1tb/cassandra-fidelity-100g-20260914-111023/vcomp/cassandra-vcomp-fidelity-100g-20260914-111023-vcomp-20260914-125115/sstables/vcomp_100g/kv-8f5172b8dca0348897af76a0d7484fb3/oa-148-big-Data.db
466023330	/work/vcomp-pebble-1tb/cassandra-fidelity-100g-20260914-111023/vcomp/cassandra-vcomp-fidelity-100g-20260914-111023-vcomp-20260914-125115/sstables/vcomp_100g/kv-7c8de46448c53cfa8dc93020973586f6/oa-87-big-Data.db
465669882	/work/vcomp-pebble-1tb/cassandra-fidelity-100g-20260914-111023/vcomp/cassandra-vcomp-fidelity-100g-20260914-111023-vcomp-20260914-125115/sstables/vcomp_100g/kv-f057116ca9113cd085a20a62113e4b2d/oa-158-big-Data.db
464571531	/work/vcomp-pebble-1tb/cassandra-fidelity-100g-20260914-111023/vcomp/cassandra-vcomp-fidelity-100g-20260914-111023-vcomp-20260914-125115/sstables/vcomp_100g/kv-34fee78d868f354c81a13ee8662312db/oa-161-big-Data.db
459372528	/work/vcomp-pebble-1tb/cassandra-fidelity-100g-20260914-111023/vcomp/cassandra-vcomp-fidelity-100g-20260914-111023-vcomp-20260914-125115/sstables/vcomp_100g/kv-4b3819bd82ca3aa9a403a90b3390c777/oa-94-big-Data.db
459170595	/work/vcomp-pebble-1tb/cassandra-fidelity-100g-20260914-111023/vcomp/cassandra-vcomp-fidelity-100g-20260914-111023-vcomp-20260914-125115/sstables/vcomp_100g/kv-d8ebcd3aa40b38709b95a7d11af4a46f/oa-114-big-Data.db
458572068	/work/vcomp-pebble-1tb/cassandra-fidelity-100g-20260914-111023/vcomp/cassandra-vcomp-fidelity-100g-20260914-111023-vcomp-20260914-125115/sstables/vcomp_100g/kv-3c212af363d0305db1cc5871580dfdf0/oa-123-big-Data.db
457841439	/work/vcomp-pebble-1tb/cassandra-fidelity-100g-20260914-111023/vcomp/cassandra-vcomp-fidelity-100g-20260914-111023-vcomp-20260914-125115/sstables/vcomp_100g/kv-ed61620778f8304a839b8381c1cac37c/oa-146-big-Data.db
457128864	/work/vcomp-pebble-1tb/cassandra-fidelity-100g-20260914-111023/vcomp/cassandra-vcomp-fidelity-100g-20260914-111023-vcomp-20260914-125115/sstables/vcomp_100g/kv-d3c6369a84f735e7bea79af8c0c0ee05/oa-63-big-Data.db
455873436	/work/vcomp-pebble-1tb/cassandra-fidelity-100g-20260914-111023/vcomp/cassandra-vcomp-fidelity-100g-20260914-111023-vcomp-20260914-125115/sstables/vcomp_100g/kv-53b8af863b8132e6890762d4795b3cbe/oa-15-big-Data.db
455139324	/work/vcomp-pebble-1tb/cassandra-fidelity-100g-20260914-111023/vcomp/cassandra-vcomp-fidelity-100g-20260914-111023-vcomp-20260914-125115/sstables/vcomp_100g/kv-7995b363f191393288ebe745dc04f2b1/oa-60-big-Data.db
454616649	/work/vcomp-pebble-1tb/cassandra-fidelity-100g-20260914-111023/vcomp/cassandra-vcomp-fidelity-100g-20260914-111023-vcomp-20260914-125115/sstables/vcomp_100g/kv-4a7260958ff936b9bb54fec13a667f9a/oa-19-big-Data.db
452680083	/work/vcomp-pebble-1tb/cassandra-fidelity-100g-20260914-111023/vcomp/cassandra-vcomp-fidelity-100g-20260914-111023-vcomp-20260914-125115/sstables/vcomp_100g/kv-620a36d050c83d309c929c290f9c7adb/oa-105-big-Data.db
452399598	/work/vcomp-pebble-1tb/cassandra-fidelity-100g-20260914-111023/vcomp/cassandra-vcomp-fidelity-100g-20260914-111023-vcomp-20260914-125115/sstables/vcomp_100g/kv-f312f37ebf913e4293d2276f8585ff7e/oa-95-big-Data.db
450470439	/work/vcomp-pebble-1tb/cassandra-fidelity-100g-20260914-111023/vcomp/cassandra-vcomp-fidelity-100g-20260914-111023-vcomp-20260914-125115/sstables/vcomp_100g/kv-bddf06b96b1535a8a0e5b113197a794c/oa-75-big-Data.db
449859735	/work/vcomp-pebble-1tb/cassandra-fidelity-100g-20260914-111023/vcomp/cassandra-vcomp-fidelity-100g-20260914-111023-vcomp-20260914-125115/sstables/vcomp_100g/kv-0045b80948cc3cca92cee6c4baa0b474/oa-152-big-Data.db
448224273	/work/vcomp-pebble-1tb/cassandra-fidelity-100g-20260914-111023/vcomp/cassandra-vcomp-fidelity-100g-20260914-111023-vcomp-20260914-125115/sstables/vcomp_100g/kv-a2eaecad16c23f03bf51da10796635ee/oa-91-big-Data.db
447510150	/work/vcomp-pebble-1tb/cassandra-fidelity-100g-20260914-111023/vcomp/cassandra-vcomp-fidelity-100g-20260914-111023-vcomp-20260914-125115/sstables/vcomp_100g/kv-7498e8e536b73eab93182ffea3b5b68f/oa-110-big-Data.db
445117257	/work/vcomp-pebble-1tb/cassandra-fidelity-100g-20260914-111023/vcomp/cassandra-vcomp-fidelity-100g-20260914-111023-vcomp-20260914-125115/sstables/vcomp_100g/kv-b0b4027737c830e7b0f5ad9b6f7a5683/oa-130-big-Data.db
444736548	/work/vcomp-pebble-1tb/cassandra-fidelity-100g-20260914-111023/vcomp/cassandra-vcomp-fidelity-100g-20260914-111023-vcomp-20260914-125115/sstables/vcomp_100g/kv-4a46e7966b533b2586726c3bb4b738b9/oa-163-big-Data.db
444097044	/work/vcomp-pebble-1tb/cassandra-fidelity-100g-20260914-111023/vcomp/cassandra-vcomp-fidelity-100g-20260914-111023-vcomp-20260914-125115/sstables/vcomp_100g/kv-b8d560e3b84035339f3244ddecae5d14/oa-76-big-Data.db
441803106	/work/vcomp-pebble-1tb/cassandra-fidelity-100g-20260914-111023/vcomp/cassandra-vcomp-fidelity-100g-20260914-111023-vcomp-20260914-125115/sstables/vcomp_100g/kv-18653b2ff4343344aa78c89a96922de1/oa-90-big-Data.db
441622413	/work/vcomp-pebble-1tb/cassandra-fidelity-100g-20260914-111023/vcomp/cassandra-vcomp-fidelity-100g-20260914-111023-vcomp-20260914-125115/sstables/vcomp_100g/kv-b3ac4025f1bd3dbd8dd6f1a7eac1fdea/oa-30-big-Data.db
440013807	/work/vcomp-pebble-1tb/cassandra-fidelity-100g-20260914-111023/vcomp/cassandra-vcomp-fidelity-100g-20260914-111023-vcomp-20260914-125115/sstables/vcomp_100g/kv-8634d7fe4ad837f58d18d4bd1ceb448d/oa-8-big-Data.db
439787007	/work/vcomp-pebble-1tb/cassandra-fidelity-100g-20260914-111023/vcomp/cassandra-vcomp-fidelity-100g-20260914-111023-vcomp-20260914-125115/sstables/vcomp_100g/kv-0a344ee6b8bd357894459229ab3390f9/oa-84-big-Data.db
438221322	/work/vcomp-pebble-1tb/cassandra-fidelity-100g-20260914-111023/vcomp/cassandra-vcomp-fidelity-100g-20260914-111023-vcomp-20260914-125115/sstables/vcomp_100g/kv-4223ba7fd6eb3cb3a2e3cc7eaeaa0872/oa-37-big-Data.db
437026824	/work/vcomp-pebble-1tb/cassandra-fidelity-100g-20260914-111023/vcomp/cassandra-vcomp-fidelity-100g-20260914-111023-vcomp-20260914-125115/sstables/vcomp_100g/kv-6195bd3e87a73a09997d3e30ec93eb4c/oa-4-big-Data.db
435853953	/work/vcomp-pebble-1tb/cassandra-fidelity-100g-20260914-111023/vcomp/cassandra-vcomp-fidelity-100g-20260914-111023-vcomp-20260914-125115/sstables/vcomp_100g/kv-80f609015f6a363a95d96970bda99641/oa-68-big-Data.db
435745764	/work/vcomp-pebble-1tb/cassandra-fidelity-100g-20260914-111023/vcomp/cassandra-vcomp-fidelity-100g-20260914-111023-vcomp-20260914-125115/sstables/vcomp_100g/kv-64c172a04f013adc987f4461bd6711bd/oa-82-big-Data.db
435055041	/work/vcomp-pebble-1tb/cassandra-fidelity-100g-20260914-111023/vcomp/cassandra-vcomp-fidelity-100g-20260914-111023-vcomp-20260914-125115/sstables/vcomp_100g/kv-c505b096b461357290bb6e0967d64590/oa-17-big-Data.db
434599398	/work/vcomp-pebble-1tb/cassandra-fidelity-100g-20260914-111023/vcomp/cassandra-vcomp-fidelity-100g-20260914-111023-vcomp-20260914-125115/sstables/vcomp_100g/kv-1416f9741c8e336a95897305493a2d5d/oa-128-big-Data.db
433923921	/work/vcomp-pebble-1tb/cassandra-fidelity-100g-20260914-111023/vcomp/cassandra-vcomp-fidelity-100g-20260914-111023-vcomp-20260914-125115/sstables/vcomp_100g/kv-543cef389c6c33ecbca323e6b5ebb4a2/oa-101-big-Data.db
433278981	/work/vcomp-pebble-1tb/cassandra-fidelity-100g-20260914-111023/vcomp/cassandra-vcomp-fidelity-100g-20260914-111023-vcomp-20260914-125115/sstables/vcomp_100g/kv-55c40a4687a53bab94f4931c6ff0e5a0/oa-46-big-Data.db
432221346	/work/vcomp-pebble-1tb/cassandra-fidelity-100g-20260914-111023/vcomp/cassandra-vcomp-fidelity-100g-20260914-111023-vcomp-20260914-125115/sstables/vcomp_100g/kv-d4cb82064ae3390a8d0d1b3c7b27627d/oa-73-big-Data.db
432052587	/work/vcomp-pebble-1tb/cassandra-fidelity-100g-20260914-111023/vcomp/cassandra-vcomp-fidelity-100g-20260914-111023-vcomp-20260914-125115/sstables/vcomp_100g/kv-2915980afb2233b69a883b4d034deea6/oa-51-big-Data.db
429677343	/work/vcomp-pebble-1tb/cassandra-fidelity-100g-20260914-111023/vcomp/cassandra-vcomp-fidelity-100g-20260914-111023-vcomp-20260914-125115/sstables/vcomp_100g/kv-6f5cce9d527b3229910da6548e3ab5a8/oa-32-big-Data.db
429053976	/work/vcomp-pebble-1tb/cassandra-fidelity-100g-20260914-111023/vcomp/cassandra-vcomp-fidelity-100g-20260914-111023-vcomp-20260914-125115/sstables/vcomp_100g/kv-2a1204d49e313e9eb0031e3f98eb2341/oa-88-big-Data.db
427873185	/work/vcomp-pebble-1tb/cassandra-fidelity-100g-20260914-111023/vcomp/cassandra-vcomp-fidelity-100g-20260914-111023-vcomp-20260914-125115/sstables/vcomp_100g/kv-320dbfdbd6f436ef875d6a8aa7176873/oa-160-big-Data.db
426322611	/work/vcomp-pebble-1tb/cassandra-fidelity-100g-20260914-111023/vcomp/cassandra-vcomp-fidelity-100g-20260914-111023-vcomp-20260914-125115/sstables/vcomp_100g/kv-836a51f7fb81345f9cecd708a1b7e2f0/oa-86-big-Data.db
425365425	/work/vcomp-pebble-1tb/cassandra-fidelity-100g-20260914-111023/vcomp/cassandra-vcomp-fidelity-100g-20260914-111023-vcomp-20260914-125115/sstables/vcomp_100g/kv-e7f9de3691c53cc9925395bf6e300e08/oa-35-big-Data.db
425271132	/work/vcomp-pebble-1tb/cassandra-fidelity-100g-20260914-111023/vcomp/cassandra-vcomp-fidelity-100g-20260914-111023-vcomp-20260914-125115/sstables/vcomp_100g/kv-00212f3924d432998fe6dcb80604fea9/oa-117-big-Data.db
424157742	/work/vcomp-pebble-1tb/cassandra-fidelity-100g-20260914-111023/vcomp/cassandra-vcomp-fidelity-100g-20260914-111023-vcomp-20260914-125115/sstables/vcomp_100g/kv-d589fde8b6bb3fce9e484fa42064c5da/oa-14-big-Data.db
423368010	/work/vcomp-pebble-1tb/cassandra-fidelity-100g-20260914-111023/vcomp/cassandra-vcomp-fidelity-100g-20260914-111023-vcomp-20260914-125115/sstables/vcomp_100g/kv-3e80e67e5cd93d08878edc4b081f0c7c/oa-66-big-Data.db
420893109	/work/vcomp-pebble-1tb/cassandra-fidelity-100g-20260914-111023/vcomp/cassandra-vcomp-fidelity-100g-20260914-111023-vcomp-20260914-125115/sstables/vcomp_100g/kv-7e58198b61f33c1cb44dfc78bea452a8/oa-93-big-Data.db
419325246	/work/vcomp-pebble-1tb/cassandra-fidelity-100g-20260914-111023/vcomp/cassandra-vcomp-fidelity-100g-20260914-111023-vcomp-20260914-125115/sstables/vcomp_100g/kv-a89ea28f30db3a1b8cf2a5ae0b5527d6/oa-13-big-Data.db
419151096	/work/vcomp-pebble-1tb/cassandra-fidelity-100g-20260914-111023/vcomp/cassandra-vcomp-fidelity-100g-20260914-111023-vcomp-20260914-125115/sstables/vcomp_100g/kv-e6dc7d2090453e6dae01c73b35b59a0b/oa-69-big-Data.db
418456530	/work/vcomp-pebble-1tb/cassandra-fidelity-100g-20260914-111023/vcomp/cassandra-vcomp-fidelity-100g-20260914-111023-vcomp-20260914-125115/sstables/vcomp_100g/kv-6016e2fe0e1a39a7b152c02f86bde4ba/oa-116-big-Data.db
414612567	/work/vcomp-pebble-1tb/cassandra-fidelity-100g-20260914-111023/vcomp/cassandra-vcomp-fidelity-100g-20260914-111023-vcomp-20260914-125115/sstables/vcomp_100g/kv-596c89343a7835f5ad6cec6bc2b9ee31/oa-62-big-Data.db
412643124	/work/vcomp-pebble-1tb/cassandra-fidelity-100g-20260914-111023/vcomp/cassandra-vcomp-fidelity-100g-20260914-111023-vcomp-20260914-125115/sstables/vcomp_100g/kv-51f5712e32653468beb622f20a73524f/oa-43-big-Data.db
412412427	/work/vcomp-pebble-1tb/cassandra-fidelity-100g-20260914-111023/vcomp/cassandra-vcomp-fidelity-100g-20260914-111023-vcomp-20260914-125115/sstables/vcomp_100g/kv-9b83012f22ee3a24bdb43b80981d9e43/oa-36-big-Data.db
411897924	/work/vcomp-pebble-1tb/cassandra-fidelity-100g-20260914-111023/vcomp/cassandra-vcomp-fidelity-100g-20260914-111023-vcomp-20260914-125115/sstables/vcomp_100g/kv-5fcfb874e9aa3c5caa4a195fbdbb81b8/oa-40-big-Data.db
409230675	/work/vcomp-pebble-1tb/cassandra-fidelity-100g-20260914-111023/vcomp/cassandra-vcomp-fidelity-100g-20260914-111023-vcomp-20260914-125115/sstables/vcomp_100g/kv-896521cef6bb32db8c57cb476fc5f0b7/oa-72-big-Data.db
409115925	/work/vcomp-pebble-1tb/cassandra-fidelity-100g-20260914-111023/vcomp/cassandra-vcomp-fidelity-100g-20260914-111023-vcomp-20260914-125115/sstables/vcomp_100g/kv-2737ef739ed13bcbb40c10c940cf461c/oa-10-big-Data.db
408332376	/work/vcomp-pebble-1tb/cassandra-fidelity-100g-20260914-111023/vcomp/cassandra-vcomp-fidelity-100g-20260914-111023-vcomp-20260914-125115/sstables/vcomp_100g/kv-2c05fe4a358a37dab02ff68416773e54/oa-42-big-Data.db
407464938	/work/vcomp-pebble-1tb/cassandra-fidelity-100g-20260914-111023/vcomp/cassandra-vcomp-fidelity-100g-20260914-111023-vcomp-20260914-125115/sstables/vcomp_100g/kv-780533dbfe86302a814100f06d75b60d/oa-54-big-Data.db
407092554	/work/vcomp-pebble-1tb/cassandra-fidelity-100g-20260914-111023/vcomp/cassandra-vcomp-fidelity-100g-20260914-111023-vcomp-20260914-125115/sstables/vcomp_100g/kv-1a73b67de9a330188f3015e6f11f5e42/oa-29-big-Data.db
406655784	/work/vcomp-pebble-1tb/cassandra-fidelity-100g-20260914-111023/vcomp/cassandra-vcomp-fidelity-100g-20260914-111023-vcomp-20260914-125115/sstables/vcomp_100g/kv-b51ea157dfdc3916b96500951bf3659b/oa-5-big-Data.db
406383363	/work/vcomp-pebble-1tb/cassandra-fidelity-100g-20260914-111023/vcomp/cassandra-vcomp-fidelity-100g-20260914-111023-vcomp-20260914-125115/sstables/vcomp_100g/kv-1487e792772b3eabb5fd6941428c4ff9/oa-92-big-Data.db
406039932	/work/vcomp-pebble-1tb/cassandra-fidelity-100g-20260914-111023/vcomp/cassandra-vcomp-fidelity-100g-20260914-111023-vcomp-20260914-125115/sstables/vcomp_100g/kv-d23b755a255931c99fbb09d2d779cf55/oa-39-big-Data.db
405820323	/work/vcomp-pebble-1tb/cassandra-fidelity-100g-20260914-111023/vcomp/cassandra-vcomp-fidelity-100g-20260914-111023-vcomp-20260914-125115/sstables/vcomp_100g/kv-047e1d0e67673a31b12b063f0bde4b74/oa-113-big-Data.db
404090865	/work/vcomp-pebble-1tb/cassandra-fidelity-100g-20260914-111023/vcomp/cassandra-vcomp-fidelity-100g-20260914-111023-vcomp-20260914-125115/sstables/vcomp_100g/kv-a1b34523c04239b9a20871913de2687a/oa-108-big-Data.db
403575489	/work/vcomp-pebble-1tb/cassandra-fidelity-100g-20260914-111023/vcomp/cassandra-vcomp-fidelity-100g-20260914-111023-vcomp-20260914-125115/sstables/vcomp_100g/kv-478f8800744038f78a7f1f5bef0bcc97/oa-9-big-Data.db
403170831	/work/vcomp-pebble-1tb/cassandra-fidelity-100g-20260914-111023/vcomp/cassandra-vcomp-fidelity-100g-20260914-111023-vcomp-20260914-125115/sstables/vcomp_100g/kv-34386b25a3f43750a198a60376f1c01c/oa-59-big-Data.db
402733818	/work/vcomp-pebble-1tb/cassandra-fidelity-100g-20260914-111023/vcomp/cassandra-vcomp-fidelity-100g-20260914-111023-vcomp-20260914-125115/sstables/vcomp_100g/kv-1322b7e164f230119804d5f5b2cd0b92/oa-122-big-Data.db
399360969	/work/vcomp-pebble-1tb/cassandra-fidelity-100g-20260914-111023/vcomp/cassandra-vcomp-fidelity-100g-20260914-111023-vcomp-20260914-125115/sstables/vcomp_100g/kv-aa94fe5b353032c7975265e5ac7ef8f4/oa-44-big-Data.db
397775457	/work/vcomp-pebble-1tb/cassandra-fidelity-100g-20260914-111023/vcomp/cassandra-vcomp-fidelity-100g-20260914-111023-vcomp-20260914-125115/sstables/vcomp_100g/kv-511d2fabbf7036bdb54e8c23dbf881fd/oa-80-big-Data.db
397550862	/work/vcomp-pebble-1tb/cassandra-fidelity-100g-20260914-111023/vcomp/cassandra-vcomp-fidelity-100g-20260914-111023-vcomp-20260914-125115/sstables/vcomp_100g/kv-5397ab599b6b3819a6023d83c747f680/oa-64-big-Data.db
396114147	/work/vcomp-pebble-1tb/cassandra-fidelity-100g-20260914-111023/vcomp/cassandra-vcomp-fidelity-100g-20260914-111023-vcomp-20260914-125115/sstables/vcomp_100g/kv-143060e2ef4d31c1b83ff34ab8b1e819/oa-38-big-Data.db
395643168	/work/vcomp-pebble-1tb/cassandra-fidelity-100g-20260914-111023/vcomp/cassandra-vcomp-fidelity-100g-20260914-111023-vcomp-20260914-125115/sstables/vcomp_100g/kv-34fb27a27cd433cc84329ecf3f23f67c/oa-109-big-Data.db
395271576	/work/vcomp-pebble-1tb/cassandra-fidelity-100g-20260914-111023/vcomp/cassandra-vcomp-fidelity-100g-20260914-111023-vcomp-20260914-125115/sstables/vcomp_100g/kv-0313b384c5143b39871cf0f6b39cde68/oa-58-big-Data.db
395266590	/work/vcomp-pebble-1tb/cassandra-fidelity-100g-20260914-111023/vcomp/cassandra-vcomp-fidelity-100g-20260914-111023-vcomp-20260914-125115/sstables/vcomp_100g/kv-5d85c6c123f2385987ab1c6d644c7896/oa-22-big-Data.db
395149500	/work/vcomp-pebble-1tb/cassandra-fidelity-100g-20260914-111023/vcomp/cassandra-vcomp-fidelity-100g-20260914-111023-vcomp-20260914-125115/sstables/vcomp_100g/kv-51bbdb337d3a3a2eaeec178d60293c19/oa-31-big-Data.db
394559442	/work/vcomp-pebble-1tb/cassandra-fidelity-100g-20260914-111023/vcomp/cassandra-vcomp-fidelity-100g-20260914-111023-vcomp-20260914-125115/sstables/vcomp_100g/kv-0caa3c5c30c93499b056ebd832234b2a/oa-49-big-Data.db
394086636	/work/vcomp-pebble-1tb/cassandra-fidelity-100g-20260914-111023/vcomp/cassandra-vcomp-fidelity-100g-20260914-111023-vcomp-20260914-125115/sstables/vcomp_100g/kv-462b13f398453fc6bb2b0d423bc39a12/oa-7-big-Data.db
393737787	/work/vcomp-pebble-1tb/cassandra-fidelity-100g-20260914-111023/vcomp/cassandra-vcomp-fidelity-100g-20260914-111023-vcomp-20260914-125115/sstables/vcomp_100g/kv-f73fc129cbd7310c997a6cfa164cad19/oa-47-big-Data.db
392932746	/work/vcomp-pebble-1tb/cassandra-fidelity-100g-20260914-111023/vcomp/cassandra-vcomp-fidelity-100g-20260914-111023-vcomp-20260914-125115/sstables/vcomp_100g/kv-8d73c11c8e493f0791ebf33a30219446/oa-27-big-Data.db
389792340	/work/vcomp-pebble-1tb/cassandra-fidelity-100g-20260914-111023/vcomp/cassandra-vcomp-fidelity-100g-20260914-111023-vcomp-20260914-125115/sstables/vcomp_100g/kv-3ab4eabf61873f2f90427fcc53a2a0bd/oa-11-big-Data.db
389404269	/work/vcomp-pebble-1tb/cassandra-fidelity-100g-20260914-111023/vcomp/cassandra-vcomp-fidelity-100g-20260914-111023-vcomp-20260914-125115/sstables/vcomp_100g/kv-f56a48347dc03e7e87946494c69bfdc7/oa-28-big-Data.db
386211456	/work/vcomp-pebble-1tb/cassandra-fidelity-100g-20260914-111023/vcomp/cassandra-vcomp-fidelity-100g-20260914-111023-vcomp-20260914-125115/sstables/vcomp_100g/kv-dcb1bb47090636bf8fb6e859102a4c5e/oa-20-big-Data.db
385490826	/work/vcomp-pebble-1tb/cassandra-fidelity-100g-20260914-111023/vcomp/cassandra-vcomp-fidelity-100g-20260914-111023-vcomp-20260914-125115/sstables/vcomp_100g/kv-6c93762818de396f93f12a9998905ebe/oa-57-big-Data.db
383304879	/work/vcomp-pebble-1tb/cassandra-fidelity-100g-20260914-111023/vcomp/cassandra-vcomp-fidelity-100g-20260914-111023-vcomp-20260914-125115/sstables/vcomp_100g/kv-802e90955f933b9ca34f01ff3acdd0f8/oa-85-big-Data.db
382977711	/work/vcomp-pebble-1tb/cassandra-fidelity-100g-20260914-111023/vcomp/cassandra-vcomp-fidelity-100g-20260914-111023-vcomp-20260914-125115/sstables/vcomp_100g/kv-c1852252162d3177859ffe86a8df3584/oa-18-big-Data.db
381073284	/work/vcomp-pebble-1tb/cassandra-fidelity-100g-20260914-111023/vcomp/cassandra-vcomp-fidelity-100g-20260914-111023-vcomp-20260914-125115/sstables/vcomp_100g/kv-236c6aca7dea38349643872d27ca571e/oa-106-big-Data.db
379048743	/work/vcomp-pebble-1tb/cassandra-fidelity-100g-20260914-111023/vcomp/cassandra-vcomp-fidelity-100g-20260914-111023-vcomp-20260914-125115/sstables/vcomp_100g/kv-761c61f803193d338ce6f69acbe75546/oa-131-big-Data.db
378929718	/work/vcomp-pebble-1tb/cassandra-fidelity-100g-20260914-111023/vcomp/cassandra-vcomp-fidelity-100g-20260914-111023-vcomp-20260914-125115/sstables/vcomp_100g/kv-c89e6593c643386cbf43da93de75f0c2/oa-98-big-Data.db
375119910	/work/vcomp-pebble-1tb/cassandra-fidelity-100g-20260914-111023/vcomp/cassandra-vcomp-fidelity-100g-20260914-111023-vcomp-20260914-125115/sstables/vcomp_100g/kv-95cd106d41a3318793f2fc32b719ff3e/oa-129-big-Data.db
373207284	/work/vcomp-pebble-1tb/cassandra-fidelity-100g-20260914-111023/vcomp/cassandra-vcomp-fidelity-100g-20260914-111023-vcomp-20260914-125115/sstables/vcomp_100g/kv-86234fe7ff3c3e19a1b575b9080c56a9/oa-111-big-Data.db
370750194	/work/vcomp-pebble-1tb/cassandra-fidelity-100g-20260914-111023/vcomp/cassandra-vcomp-fidelity-100g-20260914-111023-vcomp-20260914-125115/sstables/vcomp_100g/kv-a63bb1a52bdf3ba7b6babdf9621a2c49/oa-125-big-Data.db
370694412	/work/vcomp-pebble-1tb/cassandra-fidelity-100g-20260914-111023/vcomp/cassandra-vcomp-fidelity-100g-20260914-111023-vcomp-20260914-125115/sstables/vcomp_100g/kv-a1d247f50e8e3957beab789001ed9ac0/oa-45-big-Data.db
368759043	/work/vcomp-pebble-1tb/cassandra-fidelity-100g-20260914-111023/vcomp/cassandra-vcomp-fidelity-100g-20260914-111023-vcomp-20260914-125115/sstables/vcomp_100g/kv-88c65c0526d038bfb059a7f4ed6375cc/oa-24-big-Data.db
366592545	/work/vcomp-pebble-1tb/cassandra-fidelity-100g-20260914-111023/vcomp/cassandra-vcomp-fidelity-100g-20260914-111023-vcomp-20260914-125115/sstables/vcomp_100g/kv-0c2c8b13276730b29e8cb55c0623c66b/oa-118-big-Data.db
366519168	/work/vcomp-pebble-1tb/cassandra-fidelity-100g-20260914-111023/vcomp/cassandra-vcomp-fidelity-100g-20260914-111023-vcomp-20260914-125115/sstables/vcomp_100g/kv-a6f5b1f59a063d3ea9e7051eb1ffaf70/oa-41-big-Data.db
366291387	/work/vcomp-pebble-1tb/cassandra-fidelity-100g-20260914-111023/vcomp/cassandra-vcomp-fidelity-100g-20260914-111023-vcomp-20260914-125115/sstables/vcomp_100g/kv-bcb7c497e81c3acab94b506db2ca2cd8/oa-126-big-Data.db
365667444	/work/vcomp-pebble-1tb/cassandra-fidelity-100g-20260914-111023/vcomp/cassandra-vcomp-fidelity-100g-20260914-111023-vcomp-20260914-125115/sstables/vcomp_100g/kv-7ffb26a2a8b43a658651590671e1bb43/oa-23-big-Data.db
365341257	/work/vcomp-pebble-1tb/cassandra-fidelity-100g-20260914-111023/vcomp/cassandra-vcomp-fidelity-100g-20260914-111023-vcomp-20260914-125115/sstables/vcomp_100g/kv-8e57040978a63ed897d8a8a0f53af026/oa-78-big-Data.db
365168412	/work/vcomp-pebble-1tb/cassandra-fidelity-100g-20260914-111023/vcomp/cassandra-vcomp-fidelity-100g-20260914-111023-vcomp-20260914-125115/sstables/vcomp_100g/kv-0af13ed81940398581c2569edfa117c1/oa-56-big-Data.db
362899719	/work/vcomp-pebble-1tb/cassandra-fidelity-100g-20260914-111023/vcomp/cassandra-vcomp-fidelity-100g-20260914-111023-vcomp-20260914-125115/sstables/vcomp_100g/kv-7ae7f923398c37f09dc23e69f384364e/oa-100-big-Data.db
362401011	/work/vcomp-pebble-1tb/cassandra-fidelity-100g-20260914-111023/vcomp/cassandra-vcomp-fidelity-100g-20260914-111023-vcomp-20260914-125115/sstables/vcomp_100g/kv-80d6ee0f0aa13705b2e9f49ba3be3dce/oa-65-big-Data.db
358868421	/work/vcomp-pebble-1tb/cassandra-fidelity-100g-20260914-111023/vcomp/cassandra-vcomp-fidelity-100g-20260914-111023-vcomp-20260914-125115/sstables/vcomp_100g/kv-95fe08c2a4a83781a5ce86e9f410eb36/oa-55-big-Data.db
358851591	/work/vcomp-pebble-1tb/cassandra-fidelity-100g-20260914-111023/vcomp/cassandra-vcomp-fidelity-100g-20260914-111023-vcomp-20260914-125115/sstables/vcomp_100g/kv-44b93f2ff53037ac928740ae67d6d358/oa-120-big-Data.db
354949911	/work/vcomp-pebble-1tb/cassandra-fidelity-100g-20260914-111023/vcomp/cassandra-vcomp-fidelity-100g-20260914-111023-vcomp-20260914-125115/sstables/vcomp_100g/kv-6d6cdd0698c935fd99e0f2f4554920c3/oa-53-big-Data.db
354363039	/work/vcomp-pebble-1tb/cassandra-fidelity-100g-20260914-111023/vcomp/cassandra-vcomp-fidelity-100g-20260914-111023-vcomp-20260914-125115/sstables/vcomp_100g/kv-09758ff354d835868330717a36535d15/oa-12-big-Data.db
348933564	/work/vcomp-pebble-1tb/cassandra-fidelity-100g-20260914-111023/vcomp/cassandra-vcomp-fidelity-100g-20260914-111023-vcomp-20260914-125115/sstables/vcomp_100g/kv-6303f9cdd9293d28b804de49b128a244/oa-81-big-Data.db
340843896	/work/vcomp-pebble-1tb/cassandra-fidelity-100g-20260914-111023/vcomp/cassandra-vcomp-fidelity-100g-20260914-111023-vcomp-20260914-125115/sstables/vcomp_100g/kv-6f1b98993c013574aefe22044b892c52/oa-83-big-Data.db
339618429	/work/vcomp-pebble-1tb/cassandra-fidelity-100g-20260914-111023/vcomp/cassandra-vcomp-fidelity-100g-20260914-111023-vcomp-20260914-125115/sstables/vcomp_100g/kv-3275891e008e3612a6d5daf74696074f/oa-67-big-Data.db
337302972	/work/vcomp-pebble-1tb/cassandra-fidelity-100g-20260914-111023/vcomp/cassandra-vcomp-fidelity-100g-20260914-111023-vcomp-20260914-125115/sstables/vcomp_100g/kv-5debe84962063cd2aebf6d6ced3803b0/oa-124-big-Data.db
334909260	/work/vcomp-pebble-1tb/cassandra-fidelity-100g-20260914-111023/vcomp/cassandra-vcomp-fidelity-100g-20260914-111023-vcomp-20260914-125115/sstables/vcomp_100g/kv-b90c0b6406853fda90f906eb1f364865/oa-21-big-Data.db
288925785	/work/vcomp-pebble-1tb/cassandra-fidelity-100g-20260914-111023/vcomp/cassandra-vcomp-fidelity-100g-20260914-111023-vcomp-20260914-125115/sstables/vcomp_100g/kv-a09f14c652223bbaab15b16335f575e1/oa-212-big-Data.db
282356532	/work/vcomp-pebble-1tb/cassandra-fidelity-100g-20260914-111023/vcomp/cassandra-vcomp-fidelity-100g-20260914-111023-vcomp-20260914-125115/sstables/vcomp_100g/kv-f450eb16b7a7388383906170f0cba10d/oa-209-big-Data.db
277987203	/work/vcomp-pebble-1tb/cassandra-fidelity-100g-20260914-111023/vcomp/cassandra-vcomp-fidelity-100g-20260914-111023-vcomp-20260914-125115/sstables/vcomp_100g/kv-b2d7f0565e513fc389f9d703ff0c6eae/oa-168-big-Data.db
270740817	/work/vcomp-pebble-1tb/cassandra-fidelity-100g-20260914-111023/vcomp/cassandra-vcomp-fidelity-100g-20260914-111023-vcomp-20260914-125115/sstables/vcomp_100g/kv-2a7d724d41c53706a8c5f8e62af33838/oa-194-big-Data.db
269751546	/work/vcomp-pebble-1tb/cassandra-fidelity-100g-20260914-111023/vcomp/cassandra-vcomp-fidelity-100g-20260914-111023-vcomp-20260914-125115/sstables/vcomp_100g/kv-df5f313897313d43825e288566a2b78a/oa-205-big-Data.db
267547842	/work/vcomp-pebble-1tb/cassandra-fidelity-100g-20260914-111023/vcomp/cassandra-vcomp-fidelity-100g-20260914-111023-vcomp-20260914-125115/sstables/vcomp_100g/kv-42070133ad58343589977057fc72571b/oa-167-big-Data.db
265773222	/work/vcomp-pebble-1tb/cassandra-fidelity-100g-20260914-111023/vcomp/cassandra-vcomp-fidelity-100g-20260914-111023-vcomp-20260914-125115/sstables/vcomp_100g/kv-499129ab80de39b99b00afaade8fd3d7/oa-206-big-Data.db
262645101	/work/vcomp-pebble-1tb/cassandra-fidelity-100g-20260914-111023/vcomp/cassandra-vcomp-fidelity-100g-20260914-111023-vcomp-20260914-125115/sstables/vcomp_100g/kv-3777033a62a93f0586763887a553576d/oa-6-big-Data.db
262420938	/work/vcomp-pebble-1tb/cassandra-fidelity-100g-20260914-111023/vcomp/cassandra-vcomp-fidelity-100g-20260914-111023-vcomp-20260914-125115/sstables/vcomp_100g/kv-033f7ea47e723dcb936b6c311bb6d1a3/oa-188-big-Data.db
262054602	/work/vcomp-pebble-1tb/cassandra-fidelity-100g-20260914-111023/vcomp/cassandra-vcomp-fidelity-100g-20260914-111023-vcomp-20260914-125115/sstables/vcomp_100g/kv-4944e44a61753607b11ccdc5f5164708/oa-193-big-Data.db
260236962	/work/vcomp-pebble-1tb/cassandra-fidelity-100g-20260914-111023/vcomp/cassandra-vcomp-fidelity-100g-20260914-111023-vcomp-20260914-125115/sstables/vcomp_100g/kv-fd815fde52003ab2a0a58025371b2c89/oa-169-big-Data.db
256073337	/work/vcomp-pebble-1tb/cassandra-fidelity-100g-20260914-111023/vcomp/cassandra-vcomp-fidelity-100g-20260914-111023-vcomp-20260914-125115/sstables/vcomp_100g/kv-9a2c08413bbc38dcbb9dd953bd78aded/oa-166-big-Data.db
254263977	/work/vcomp-pebble-1tb/cassandra-fidelity-100g-20260914-111023/vcomp/cassandra-vcomp-fidelity-100g-20260914-111023-vcomp-20260914-125115/sstables/vcomp_100g/kv-6de5038f5b903050b9755b7d65c6998e/oa-192-big-Data.db
254156463	/work/vcomp-pebble-1tb/cassandra-fidelity-100g-20260914-111023/vcomp/cassandra-vcomp-fidelity-100g-20260914-111023-vcomp-20260914-125115/sstables/vcomp_100g/kv-0c866ac3a4c2396b8115f1988bbb40b9/oa-164-big-Data.db
252714771	/work/vcomp-pebble-1tb/cassandra-fidelity-100g-20260914-111023/vcomp/cassandra-vcomp-fidelity-100g-20260914-111023-vcomp-20260914-125115/sstables/vcomp_100g/kv-e98d91ba1dff362d8ab06299ad9c3ddb/oa-210-big-Data.db
250794648	/work/vcomp-pebble-1tb/cassandra-fidelity-100g-20260914-111023/vcomp/cassandra-vcomp-fidelity-100g-20260914-111023-vcomp-20260914-125115/sstables/vcomp_100g/kv-ca27cabc250633518f64cc1e276f2f48/oa-191-big-Data.db
249431949	/work/vcomp-pebble-1tb/cassandra-fidelity-100g-20260914-111023/vcomp/cassandra-vcomp-fidelity-100g-20260914-111023-vcomp-20260914-125115/sstables/vcomp_100g/kv-a7ea1fd6d5ac360ba67069762e37af47/oa-198-big-Data.db
247404312	/work/vcomp-pebble-1tb/cassandra-fidelity-100g-20260914-111023/vcomp/cassandra-vcomp-fidelity-100g-20260914-111023-vcomp-20260914-125115/sstables/vcomp_100g/kv-62427f78fb6b376c90e6c5de180118ad/oa-189-big-Data.db
243461844	/work/vcomp-pebble-1tb/cassandra-fidelity-100g-20260914-111023/vcomp/cassandra-vcomp-fidelity-100g-20260914-111023-vcomp-20260914-125115/sstables/vcomp_100g/kv-83c9e9750ac5375c9580f1d77e297c44/oa-211-big-Data.db
243321732	/work/vcomp-pebble-1tb/cassandra-fidelity-100g-20260914-111023/vcomp/cassandra-vcomp-fidelity-100g-20260914-111023-vcomp-20260914-125115/sstables/vcomp_100g/kv-87f7382580e83b32894b49105351352b/oa-207-big-Data.db
241942689	/work/vcomp-pebble-1tb/cassandra-fidelity-100g-20260914-111023/vcomp/cassandra-vcomp-fidelity-100g-20260914-111023-vcomp-20260914-125115/sstables/vcomp_100g/kv-bd794dd45cf93793a1beecfa10b9fda0/oa-170-big-Data.db
241184421	/work/vcomp-pebble-1tb/cassandra-fidelity-100g-20260914-111023/vcomp/cassandra-vcomp-fidelity-100g-20260914-111023-vcomp-20260914-125115/sstables/vcomp_100g/kv-4502b0a11e973bdbbc82b975ae693474/oa-199-big-Data.db
239555907	/work/vcomp-pebble-1tb/cassandra-fidelity-100g-20260914-111023/vcomp/cassandra-vcomp-fidelity-100g-20260914-111023-vcomp-20260914-125115/sstables/vcomp_100g/kv-c331daa1cab23568b95d16fa0f8181c8/oa-165-big-Data.db
235209024	/work/vcomp-pebble-1tb/cassandra-fidelity-100g-20260914-111023/vcomp/cassandra-vcomp-fidelity-100g-20260914-111023-vcomp-20260914-125115/sstables/vcomp_100g/kv-f0101fae881a3722a4b6dec74240f92d/oa-208-big-Data.db
224787951	/work/vcomp-pebble-1tb/cassandra-fidelity-100g-20260914-111023/vcomp/cassandra-vcomp-fidelity-100g-20260914-111023-vcomp-20260914-125115/sstables/vcomp_100g/kv-f2696285fbeb347983069a55e6b924a8/oa-171-big-Data.db
141866190	/work/vcomp-pebble-1tb/cassandra-fidelity-100g-20260914-111023/vcomp/cassandra-vcomp-fidelity-100g-20260914-111023-vcomp-20260914-125115/sstables/vcomp_100g/kv-1b8f565f562b33068ce9501e21ac3825/oa-200-big-Data.db
140002164	/work/vcomp-pebble-1tb/cassandra-fidelity-100g-20260914-111023/vcomp/cassandra-vcomp-fidelity-100g-20260914-111023-vcomp-20260914-125115/sstables/vcomp_100g/kv-0d0214210298318b9e7e6d22a4e3e299/oa-204-big-Data.db
139432905	/work/vcomp-pebble-1tb/cassandra-fidelity-100g-20260914-111023/vcomp/cassandra-vcomp-fidelity-100g-20260914-111023-vcomp-20260914-125115/sstables/vcomp_100g/kv-9a78f79ebfcf31d5a6743447ddacea57/oa-190-big-Data.db
138585654	/work/vcomp-pebble-1tb/cassandra-fidelity-100g-20260914-111023/vcomp/cassandra-vcomp-fidelity-100g-20260914-111023-vcomp-20260914-125115/sstables/vcomp_100g/kv-5977bda1cdc631bcae1926cc87905c7a/oa-202-big-Data.db
134724069	/work/vcomp-pebble-1tb/cassandra-fidelity-100g-20260914-111023/vcomp/cassandra-vcomp-fidelity-100g-20260914-111023-vcomp-20260914-125115/sstables/vcomp_100g/kv-15f9201745183d7b90b5e9b16320aa1b/oa-196-big-Data.db
134044695	/work/vcomp-pebble-1tb/cassandra-fidelity-100g-20260914-111023/vcomp/cassandra-vcomp-fidelity-100g-20260914-111023-vcomp-20260914-125115/sstables/vcomp_100g/kv-f94d6af381c83109a47d859c821954fd/oa-195-big-Data.db
131924565	/work/vcomp-pebble-1tb/cassandra-fidelity-100g-20260914-111023/vcomp/cassandra-vcomp-fidelity-100g-20260914-111023-vcomp-20260914-125115/sstables/vcomp_100g/kv-d7daff43b90d3a2facd588c813cb662f/oa-203-big-Data.db
130841955	/work/vcomp-pebble-1tb/cassandra-fidelity-100g-20260914-111023/vcomp/cassandra-vcomp-fidelity-100g-20260914-111023-vcomp-20260914-125115/sstables/vcomp_100g/kv-b7c013e36ec53bdd9f576675e444aaee/oa-197-big-Data.db
118944765	/work/vcomp-pebble-1tb/cassandra-fidelity-100g-20260914-111023/vcomp/cassandra-vcomp-fidelity-100g-20260914-111023-vcomp-20260914-125115/sstables/vcomp_100g/kv-c56796393cf43f5ea9f790426b7f0160/oa-201-big-Data.db
