bucket,baseline_union,vcomp_union,vcomp_physical
0,6617,7038,7039
1,6766,6708,6708
2,6619,7544,7543
3,6740,6957,6958
4,6523,6565,6565
5,6605,6961,6961
6,6573,6738,6738
7,6686,6595,6594
8,6684,6597,6597
9,6591,6654,6655
10,6647,6154,6154
11,6595,6928,6928
12,6615,7156,7156
13,6673,6943,6942
14,6728,6929,6930
15,6716,7341,7341
16,6651,7165,7165
17,6605,6986,6986
18,6642,7314,7313
19,6569,6578,6578
20,6614,7215,7216
21,6609,7303,7303
22,6697,6729,6728
23,6600,7222,7223
24,6680,7186,7185
25,6572,6727,6728
26,6663,7140,7140
27,6692,6812,6811
28,6536,7651,7652
29,6615,7221,7221
30,6591,7071,7071
31,6721,7697,7697
32,6670,7093,7093
33,6651,7204,7204
34,6642,6623,6623
35,6618,6738,6737
36,6550,7351,7352
37,6626,6679,6679
38,6654,6418,6418
39,6660,6505,6504
40,6621,7112,7112
41,6497,6808,6809
42,6627,6747,6747
43,6624,6556,6556
44,6675,7192,7191
45,6604,6814,6815
46,6550,6794,6794
47,6648,7190,7190
48,6642,7109,7109
49,6605,6920,6919
50,6544,7245,7246
51,6694,7166,7166
52,6616,6902,6902
53,6620,7729,7729
54,6574,7337,7336
55,6606,6807,6808
56,6646,7344,7343
57,6617,6576,6577
58,6656,6838,6838
59,6568,7219,7219
60,6594,6623,6622
61,6583,6149,6149
62,6589,6782,6782
63,6658,6141,6142
64,6593,6689,6688
65,6614,6584,6585
66,6603,6380,6379
67,6611,6397,6397
68,6617,6704,6705
69,6686,6865,6864
70,6591,6274,6275
71,6717,6644,6644
72,6663,6965,6965
73,6639,6631,6631
74,6630,6847,6846
75,6619,7057,7058
76,6660,7070,7069
77,6613,6957,6958
78,6717,6771,6770
79,6637,6679,6679
80,6568,7181,7182
81,6598,7128,7127
82,6661,7346,7347
83,6730,6637,6637
84,6609,7519,7519
85,6692,7375,7375
86,6612,7435,7434
87,6632,7025,7026
88,6579,7275,7275
89,6697,6378,6377
90,6614,6542,6543
91,6696,6630,6630
92,6538,6678,6678
93,6628,6712,6712
94,6605,6154,6153
95,6610,6402,6402
96,6591,6344,6345
97,6615,6122,6122
98,6604,6639,6638
99,6632,6181,6181
