version,label,dataset_gib,partitions,baseline_seconds,vcomp_seconds,baseline_write_gib,vcomp_write_gib,baseline_final_gib,vcomp_final_gib,final_size_delta_pct,baseline_sstables,vcomp_sstables,baseline_rows,vcomp_rows,row_delta_pct,baseline_source,vcomp_source,caveat
01_1g_ordered_multi_partition,1 GiB — ordered multi-partition,1,100,48.879,2.763,2.5414505004882812,0.6915740966796875,0.6409076293930411,0.6864393427968025,7.104255171198585,8,1,662885,705870,6.484533516371618,/work/vcomp-pebble-1tb/cassandra-vcomp-1g-ordered-paper-continuous-compare/baseline/cassandra-baseline-1g-ordered-paper-continuous-baseline-20260913-002235,/work/vcomp-pebble-1tb/cassandra-vcomp-1g-ordered-paper-continuous-compare/vcomp/cassandra-vcomp-1g-ordered-paper-continuous-vcomp-20260913-002426,
02_1g_ucs_shard_fidelity_v1,1 GiB — UCS shard fidelity v1,1,100,48.704,3.004,2.5410385131835938,0.6785049438476562,0.6409076293930411,0.6719875428825617,4.849359262418855,8,14,662885,690994,4.240403689931134,/work/vcomp-pebble-1tb/cassandra-vcomp-1g-ucs-shard-fidelity-compare/baseline/cassandra-baseline-1g-ucs-shard-fidelity-baseline-20260913-004916,/work/vcomp-pebble-1tb/cassandra-vcomp-1g-ucs-shard-fidelity-compare/vcomp/cassandra-vcomp-1g-ucs-shard-fidelity-vcomp-20260913-005107,
03_1g_ucs_shard_fidelity_v2,1 GiB — UCS shard-output v2,1,100,48.704,2.547,2.5410385131835938,0.6757888793945312,0.6409076293930411,0.6719591757282615,4.8449331715128885,8,8,662885,690994,4.240403689931134,/work/vcomp-pebble-1tb/cassandra-vcomp-1g-ucs-shard-fidelity-compare/baseline/cassandra-baseline-1g-ucs-shard-fidelity-baseline-20260913-004916,/work/vcomp-pebble-1tb/cassandra-vcomp-1g-ucs-shard-fidelity-v2/vcomp/cassandra-vcomp-1g-ucs-shard-fidelity-v2-vcomp-20260913-005328,
04_1g_seeded_common_scheduler,1 GiB — seeded common scheduler,1,100,49.865,2.673,2.541301727294922,0.6757888793945312,0.6409076293930411,0.6719591757282615,4.8449331715128885,8,8,662885,690994,4.240403689931134,/work/vcomp-pebble-1tb/cassandra-vcomp-1g-seeded-common-scheduler-compare/baseline/cassandra-baseline-1g-seeded-common-scheduler-baseline-20260913-055236,/work/vcomp-pebble-1tb/cassandra-vcomp-1g-seeded-common-scheduler-compare/vcomp/cassandra-vcomp-1g-seeded-common-scheduler-vcomp-20260913-055429,"Seed requested, but baseline jar did not contain seeded Controller"
05_100g_ucs_shard_fidelity_v1,100 GiB — UCS shard fidelity v1,100,10000,5602.441,129.427,424.6075553894043,82.5132942199707,71.62192046828568,82.40364704653621,15.053668636300664,176,210,66278498,66292349,0.020898180281635228,/work/vcomp-pebble-1tb/cassandra-vcomp-100g-ucs-shard-fidelity-compare/baseline/cassandra-baseline-100g-ucs-shard-fidelity-baseline-20260913-022322,/work/vcomp-pebble-1tb/cassandra-vcomp-100g-ucs-shard-fidelity-compare/vcomp/cassandra-vcomp-100g-ucs-shard-fidelity-vcomp-20260913-040137,
06_100g_shared_scheduler_v2,100 GiB — shared scheduler v2,100,10000,5602.441,118.157,424.6075553894043,70.09200286865234,71.62192046828568,70.00232581794262,-2.261311397060653,176,171,66278498,66478158,0.3012440022403646,/work/vcomp-pebble-1tb/cassandra-vcomp-100g-ucs-shard-fidelity-compare/baseline/cassandra-baseline-100g-ucs-shard-fidelity-baseline-20260913-022322,/work/vcomp-pebble-1tb/cassandra-vcomp-100g-shared-scheduler-v2/cassandra-vcomp-100g-shared-scheduler-v2-20260913-041822,
07_100g_shared_scheduler_unbiased_v3,100 GiB — unbiased scheduler v3,100,10000,5602.441,116.748,424.6075553894043,67.73773574829102,71.62192046828568,67.65793919935822,-5.53459226310849,176,151,66278498,66386836,0.16345874343742672,/work/vcomp-pebble-1tb/cassandra-vcomp-100g-ucs-shard-fidelity-compare/baseline/cassandra-baseline-100g-ucs-shard-fidelity-baseline-20260913-022322,/work/vcomp-pebble-1tb/cassandra-vcomp-100g-shared-scheduler-unbiased-v3/cassandra-vcomp-100g-shared-scheduler-unbiased-v3-20260913-045335,A and MixGraph completed; A–F campaign was interrupted before B
08_100g_continuous_scheduler_v4,100 GiB — continuous scheduler v4,100,10000,5602.441,119.658,424.6075553894043,71.06518173217773,71.62192046828568,70.97928699851036,-0.8972580818464347,176,165,66278498,66549593,0.4090240548299691,/work/vcomp-pebble-1tb/cassandra-vcomp-100g-ucs-shard-fidelity-compare/baseline/cassandra-baseline-100g-ucs-shard-fidelity-baseline-20260913-022322,/work/vcomp-pebble-1tb/cassandra-vcomp-100g-continuous-scheduler-v4/cassandra-vcomp-100g-continuous-scheduler-v4-20260913-053119,
09_100g_seeded_common_scheduler,100 GiB — seeded common scheduler,100,10000,5549.421,119.558,421.2298583984375,71.06733322143555,71.64634585846215,70.97928699851036,-0.9310437984786739,175,165,66278498,66549593,0.4090240548299691,/work/vcomp-pebble-1tb/cassandra-vcomp-100g-seeded-common-scheduler-compare/baseline/cassandra-baseline-100g-seeded-common-scheduler-baseline-20260913-104504,/work/vcomp-pebble-1tb/cassandra-vcomp-100g-seeded-common-scheduler-compare/vcomp/cassandra-vcomp-100g-seeded-common-scheduler-vcomp-20260913-122225,"Seed requested, but baseline jar did not contain seeded Controller"
