720622757	/work/vcomp-pebble-1tb/cassandra-comprehensive-100g-20260914-141045/baseline/cassandra-baseline-fidelity-100g-20260914-141045-baseline-20260914-141052/data/data/baseline_100g/kv-c2b5dfa0affa11f1be4bf5110f674704/oa-2566-big-Data.db
710094125	/work/vcomp-pebble-1tb/cassandra-comprehensive-100g-20260914-141045/baseline/cassandra-baseline-fidelity-100g-20260914-141045-baseline-20260914-141052/data/data/baseline_100g/kv-c2b5dfa0affa11f1be4bf5110f674704/oa-2504-big-Data.db
689395918	/work/vcomp-pebble-1tb/cassandra-comprehensive-100g-20260914-141045/baseline/cassandra-baseline-fidelity-100g-20260914-141045-baseline-20260914-141052/data/data/baseline_100g/kv-c2b5dfa0affa11f1be4bf5110f674704/oa-2550-big-Data.db
679585169	/work/vcomp-pebble-1tb/cassandra-comprehensive-100g-20260914-141045/baseline/cassandra-baseline-fidelity-100g-20260914-141045-baseline-20260914-141052/data/data/baseline_100g/kv-c2b5dfa0affa11f1be4bf5110f674704/oa-2485-big-Data.db
551490314	/work/vcomp-pebble-1tb/cassandra-comprehensive-100g-20260914-141045/baseline/cassandra-baseline-fidelity-100g-20260914-141045-baseline-20260914-141052/data/data/baseline_100g/kv-c2b5dfa0affa11f1be4bf5110f674704/oa-3743-big-Data.db
551399081	/work/vcomp-pebble-1tb/cassandra-comprehensive-100g-20260914-141045/baseline/cassandra-baseline-fidelity-100g-20260914-141045-baseline-20260914-141052/data/data/baseline_100g/kv-c2b5dfa0affa11f1be4bf5110f674704/oa-3169-big-Data.db
548570817	/work/vcomp-pebble-1tb/cassandra-comprehensive-100g-20260914-141045/baseline/cassandra-baseline-fidelity-100g-20260914-141045-baseline-20260914-141052/data/data/baseline_100g/kv-c2b5dfa0affa11f1be4bf5110f674704/oa-3159-big-Data.db
548498421	/work/vcomp-pebble-1tb/cassandra-comprehensive-100g-20260914-141045/baseline/cassandra-baseline-fidelity-100g-20260914-141045-baseline-20260914-141052/data/data/baseline_100g/kv-c2b5dfa0affa11f1be4bf5110f674704/oa-3763-big-Data.db
548343723	/work/vcomp-pebble-1tb/cassandra-comprehensive-100g-20260914-141045/baseline/cassandra-baseline-fidelity-100g-20260914-141045-baseline-20260914-141052/data/data/baseline_100g/kv-c2b5dfa0affa11f1be4bf5110f674704/oa-3172-big-Data.db
547142430	/work/vcomp-pebble-1tb/cassandra-comprehensive-100g-20260914-141045/baseline/cassandra-baseline-fidelity-100g-20260914-141045-baseline-20260914-141052/data/data/baseline_100g/kv-c2b5dfa0affa11f1be4bf5110f674704/oa-3759-big-Data.db
544401353	/work/vcomp-pebble-1tb/cassandra-comprehensive-100g-20260914-141045/baseline/cassandra-baseline-fidelity-100g-20260914-141045-baseline-20260914-141052/data/data/baseline_100g/kv-c2b5dfa0affa11f1be4bf5110f674704/oa-3770-big-Data.db
544148357	/work/vcomp-pebble-1tb/cassandra-comprehensive-100g-20260914-141045/baseline/cassandra-baseline-fidelity-100g-20260914-141045-baseline-20260914-141052/data/data/baseline_100g/kv-c2b5dfa0affa11f1be4bf5110f674704/oa-3153-big-Data.db
540986502	/work/vcomp-pebble-1tb/cassandra-comprehensive-100g-20260914-141045/baseline/cassandra-baseline-fidelity-100g-20260914-141045-baseline-20260914-141052/data/data/baseline_100g/kv-c2b5dfa0affa11f1be4bf5110f674704/oa-3151-big-Data.db
540618656	/work/vcomp-pebble-1tb/cassandra-comprehensive-100g-20260914-141045/baseline/cassandra-baseline-fidelity-100g-20260914-141045-baseline-20260914-141052/data/data/baseline_100g/kv-c2b5dfa0affa11f1be4bf5110f674704/oa-3756-big-Data.db
540596508	/work/vcomp-pebble-1tb/cassandra-comprehensive-100g-20260914-141045/baseline/cassandra-baseline-fidelity-100g-20260914-141045-baseline-20260914-141052/data/data/baseline_100g/kv-c2b5dfa0affa11f1be4bf5110f674704/oa-3163-big-Data.db
540284196	/work/vcomp-pebble-1tb/cassandra-comprehensive-100g-20260914-141045/baseline/cassandra-baseline-fidelity-100g-20260914-141045-baseline-20260914-141052/data/data/baseline_100g/kv-c2b5dfa0affa11f1be4bf5110f674704/oa-3753-big-Data.db
540163510	/work/vcomp-pebble-1tb/cassandra-comprehensive-100g-20260914-141045/baseline/cassandra-baseline-fidelity-100g-20260914-141045-baseline-20260914-141052/data/data/baseline_100g/kv-c2b5dfa0affa11f1be4bf5110f674704/oa-3758-big-Data.db
539182968	/work/vcomp-pebble-1tb/cassandra-comprehensive-100g-20260914-141045/baseline/cassandra-baseline-fidelity-100g-20260914-141045-baseline-20260914-141052/data/data/baseline_100g/kv-c2b5dfa0affa11f1be4bf5110f674704/oa-3171-big-Data.db
533132355	/work/vcomp-pebble-1tb/cassandra-comprehensive-100g-20260914-141045/baseline/cassandra-baseline-fidelity-100g-20260914-141045-baseline-20260914-141052/data/data/baseline_100g/kv-c2b5dfa0affa11f1be4bf5110f674704/oa-3160-big-Data.db
531504220	/work/vcomp-pebble-1tb/cassandra-comprehensive-100g-20260914-141045/baseline/cassandra-baseline-fidelity-100g-20260914-141045-baseline-20260914-141052/data/data/baseline_100g/kv-c2b5dfa0affa11f1be4bf5110f674704/oa-3762-big-Data.db
530801995	/work/vcomp-pebble-1tb/cassandra-comprehensive-100g-20260914-141045/baseline/cassandra-baseline-fidelity-100g-20260914-141045-baseline-20260914-141052/data/data/baseline_100g/kv-c2b5dfa0affa11f1be4bf5110f674704/oa-3146-big-Data.db
529705779	/work/vcomp-pebble-1tb/cassandra-comprehensive-100g-20260914-141045/baseline/cassandra-baseline-fidelity-100g-20260914-141045-baseline-20260914-141052/data/data/baseline_100g/kv-c2b5dfa0affa11f1be4bf5110f674704/oa-3772-big-Data.db
523472424	/work/vcomp-pebble-1tb/cassandra-comprehensive-100g-20260914-141045/baseline/cassandra-baseline-fidelity-100g-20260914-141045-baseline-20260914-141052/data/data/baseline_100g/kv-c2b5dfa0affa11f1be4bf5110f674704/oa-3156-big-Data.db
522106367	/work/vcomp-pebble-1tb/cassandra-comprehensive-100g-20260914-141045/baseline/cassandra-baseline-fidelity-100g-20260914-141045-baseline-20260914-141052/data/data/baseline_100g/kv-c2b5dfa0affa11f1be4bf5110f674704/oa-3780-big-Data.db
521355762	/work/vcomp-pebble-1tb/cassandra-comprehensive-100g-20260914-141045/baseline/cassandra-baseline-fidelity-100g-20260914-141045-baseline-20260914-141052/data/data/baseline_100g/kv-c2b5dfa0affa11f1be4bf5110f674704/oa-3771-big-Data.db
520399044	/work/vcomp-pebble-1tb/cassandra-comprehensive-100g-20260914-141045/baseline/cassandra-baseline-fidelity-100g-20260914-141045-baseline-20260914-141052/data/data/baseline_100g/kv-c2b5dfa0affa11f1be4bf5110f674704/oa-3166-big-Data.db
520297278	/work/vcomp-pebble-1tb/cassandra-comprehensive-100g-20260914-141045/baseline/cassandra-baseline-fidelity-100g-20260914-141045-baseline-20260914-141052/data/data/baseline_100g/kv-c2b5dfa0affa11f1be4bf5110f674704/oa-3778-big-Data.db
519556761	/work/vcomp-pebble-1tb/cassandra-comprehensive-100g-20260914-141045/baseline/cassandra-baseline-fidelity-100g-20260914-141045-baseline-20260914-141052/data/data/baseline_100g/kv-c2b5dfa0affa11f1be4bf5110f674704/oa-3162-big-Data.db
506581425	/work/vcomp-pebble-1tb/cassandra-comprehensive-100g-20260914-141045/baseline/cassandra-baseline-fidelity-100g-20260914-141045-baseline-20260914-141052/data/data/baseline_100g/kv-c2b5dfa0affa11f1be4bf5110f674704/oa-3779-big-Data.db
506199601	/work/vcomp-pebble-1tb/cassandra-comprehensive-100g-20260914-141045/baseline/cassandra-baseline-fidelity-100g-20260914-141045-baseline-20260914-141052/data/data/baseline_100g/kv-c2b5dfa0affa11f1be4bf5110f674704/oa-3147-big-Data.db
504962088	/work/vcomp-pebble-1tb/cassandra-comprehensive-100g-20260914-141045/baseline/cassandra-baseline-fidelity-100g-20260914-141045-baseline-20260914-141052/data/data/baseline_100g/kv-c2b5dfa0affa11f1be4bf5110f674704/oa-3757-big-Data.db
504695726	/work/vcomp-pebble-1tb/cassandra-comprehensive-100g-20260914-141045/baseline/cassandra-baseline-fidelity-100g-20260914-141045-baseline-20260914-141052/data/data/baseline_100g/kv-c2b5dfa0affa11f1be4bf5110f674704/oa-3152-big-Data.db
504449854	/work/vcomp-pebble-1tb/cassandra-comprehensive-100g-20260914-141045/baseline/cassandra-baseline-fidelity-100g-20260914-141045-baseline-20260914-141052/data/data/baseline_100g/kv-c2b5dfa0affa11f1be4bf5110f674704/oa-3150-big-Data.db
503888961	/work/vcomp-pebble-1tb/cassandra-comprehensive-100g-20260914-141045/baseline/cassandra-baseline-fidelity-100g-20260914-141045-baseline-20260914-141052/data/data/baseline_100g/kv-c2b5dfa0affa11f1be4bf5110f674704/oa-3781-big-Data.db
503649580	/work/vcomp-pebble-1tb/cassandra-comprehensive-100g-20260914-141045/baseline/cassandra-baseline-fidelity-100g-20260914-141045-baseline-20260914-141052/data/data/baseline_100g/kv-c2b5dfa0affa11f1be4bf5110f674704/oa-3776-big-Data.db
503501755	/work/vcomp-pebble-1tb/cassandra-comprehensive-100g-20260914-141045/baseline/cassandra-baseline-fidelity-100g-20260914-141045-baseline-20260914-141052/data/data/baseline_100g/kv-c2b5dfa0affa11f1be4bf5110f674704/oa-3165-big-Data.db
501673063	/work/vcomp-pebble-1tb/cassandra-comprehensive-100g-20260914-141045/baseline/cassandra-baseline-fidelity-100g-20260914-141045-baseline-20260914-141052/data/data/baseline_100g/kv-c2b5dfa0affa11f1be4bf5110f674704/oa-3752-big-Data.db
499462154	/work/vcomp-pebble-1tb/cassandra-comprehensive-100g-20260914-141045/baseline/cassandra-baseline-fidelity-100g-20260914-141045-baseline-20260914-141052/data/data/baseline_100g/kv-c2b5dfa0affa11f1be4bf5110f674704/oa-3168-big-Data.db
498908220	/work/vcomp-pebble-1tb/cassandra-comprehensive-100g-20260914-141045/baseline/cassandra-baseline-fidelity-100g-20260914-141045-baseline-20260914-141052/data/data/baseline_100g/kv-c2b5dfa0affa11f1be4bf5110f674704/oa-3750-big-Data.db
497828737	/work/vcomp-pebble-1tb/cassandra-comprehensive-100g-20260914-141045/baseline/cassandra-baseline-fidelity-100g-20260914-141045-baseline-20260914-141052/data/data/baseline_100g/kv-c2b5dfa0affa11f1be4bf5110f674704/oa-3144-big-Data.db
494226188	/work/vcomp-pebble-1tb/cassandra-comprehensive-100g-20260914-141045/baseline/cassandra-baseline-fidelity-100g-20260914-141045-baseline-20260914-141052/data/data/baseline_100g/kv-c2b5dfa0affa11f1be4bf5110f674704/oa-2556-big-Data.db
493397792	/work/vcomp-pebble-1tb/cassandra-comprehensive-100g-20260914-141045/baseline/cassandra-baseline-fidelity-100g-20260914-141045-baseline-20260914-141052/data/data/baseline_100g/kv-c2b5dfa0affa11f1be4bf5110f674704/oa-2551-big-Data.db
492773248	/work/vcomp-pebble-1tb/cassandra-comprehensive-100g-20260914-141045/baseline/cassandra-baseline-fidelity-100g-20260914-141045-baseline-20260914-141052/data/data/baseline_100g/kv-c2b5dfa0affa11f1be4bf5110f674704/oa-3767-big-Data.db
491751742	/work/vcomp-pebble-1tb/cassandra-comprehensive-100g-20260914-141045/baseline/cassandra-baseline-fidelity-100g-20260914-141045-baseline-20260914-141052/data/data/baseline_100g/kv-c2b5dfa0affa11f1be4bf5110f674704/oa-3161-big-Data.db
491220146	/work/vcomp-pebble-1tb/cassandra-comprehensive-100g-20260914-141045/baseline/cassandra-baseline-fidelity-100g-20260914-141045-baseline-20260914-141052/data/data/baseline_100g/kv-c2b5dfa0affa11f1be4bf5110f674704/oa-3170-big-Data.db
491150846	/work/vcomp-pebble-1tb/cassandra-comprehensive-100g-20260914-141045/baseline/cassandra-baseline-fidelity-100g-20260914-141045-baseline-20260914-141052/data/data/baseline_100g/kv-c2b5dfa0affa11f1be4bf5110f674704/oa-3765-big-Data.db
489640290	/work/vcomp-pebble-1tb/cassandra-comprehensive-100g-20260914-141045/baseline/cassandra-baseline-fidelity-100g-20260914-141045-baseline-20260914-141052/data/data/baseline_100g/kv-c2b5dfa0affa11f1be4bf5110f674704/oa-2558-big-Data.db
488953932	/work/vcomp-pebble-1tb/cassandra-comprehensive-100g-20260914-141045/baseline/cassandra-baseline-fidelity-100g-20260914-141045-baseline-20260914-141052/data/data/baseline_100g/kv-c2b5dfa0affa11f1be4bf5110f674704/oa-2516-big-Data.db
488771628	/work/vcomp-pebble-1tb/cassandra-comprehensive-100g-20260914-141045/baseline/cassandra-baseline-fidelity-100g-20260914-141045-baseline-20260914-141052/data/data/baseline_100g/kv-c2b5dfa0affa11f1be4bf5110f674704/oa-2523-big-Data.db
487330508	/work/vcomp-pebble-1tb/cassandra-comprehensive-100g-20260914-141045/baseline/cassandra-baseline-fidelity-100g-20260914-141045-baseline-20260914-141052/data/data/baseline_100g/kv-c2b5dfa0affa11f1be4bf5110f674704/oa-3149-big-Data.db
486927544	/work/vcomp-pebble-1tb/cassandra-comprehensive-100g-20260914-141045/baseline/cassandra-baseline-fidelity-100g-20260914-141045-baseline-20260914-141052/data/data/baseline_100g/kv-c2b5dfa0affa11f1be4bf5110f674704/oa-3139-big-Data.db
486815820	/work/vcomp-pebble-1tb/cassandra-comprehensive-100g-20260914-141045/baseline/cassandra-baseline-fidelity-100g-20260914-141045-baseline-20260914-141052/data/data/baseline_100g/kv-c2b5dfa0affa11f1be4bf5110f674704/oa-3747-big-Data.db
485908380	/work/vcomp-pebble-1tb/cassandra-comprehensive-100g-20260914-141045/baseline/cassandra-baseline-fidelity-100g-20260914-141045-baseline-20260914-141052/data/data/baseline_100g/kv-c2b5dfa0affa11f1be4bf5110f674704/oa-3766-big-Data.db
485886570	/work/vcomp-pebble-1tb/cassandra-comprehensive-100g-20260914-141045/baseline/cassandra-baseline-fidelity-100g-20260914-141045-baseline-20260914-141052/data/data/baseline_100g/kv-c2b5dfa0affa11f1be4bf5110f674704/oa-3154-big-Data.db
485489105	/work/vcomp-pebble-1tb/cassandra-comprehensive-100g-20260914-141045/baseline/cassandra-baseline-fidelity-100g-20260914-141045-baseline-20260914-141052/data/data/baseline_100g/kv-c2b5dfa0affa11f1be4bf5110f674704/oa-3141-big-Data.db
484920087	/work/vcomp-pebble-1tb/cassandra-comprehensive-100g-20260914-141045/baseline/cassandra-baseline-fidelity-100g-20260914-141045-baseline-20260914-141052/data/data/baseline_100g/kv-c2b5dfa0affa11f1be4bf5110f674704/oa-3773-big-Data.db
484667302	/work/vcomp-pebble-1tb/cassandra-comprehensive-100g-20260914-141045/baseline/cassandra-baseline-fidelity-100g-20260914-141045-baseline-20260914-141052/data/data/baseline_100g/kv-c2b5dfa0affa11f1be4bf5110f674704/oa-3761-big-Data.db
484462799	/work/vcomp-pebble-1tb/cassandra-comprehensive-100g-20260914-141045/baseline/cassandra-baseline-fidelity-100g-20260914-141045-baseline-20260914-141052/data/data/baseline_100g/kv-c2b5dfa0affa11f1be4bf5110f674704/oa-3760-big-Data.db
483681277	/work/vcomp-pebble-1tb/cassandra-comprehensive-100g-20260914-141045/baseline/cassandra-baseline-fidelity-100g-20260914-141045-baseline-20260914-141052/data/data/baseline_100g/kv-c2b5dfa0affa11f1be4bf5110f674704/oa-3138-big-Data.db
483278165	/work/vcomp-pebble-1tb/cassandra-comprehensive-100g-20260914-141045/baseline/cassandra-baseline-fidelity-100g-20260914-141045-baseline-20260914-141052/data/data/baseline_100g/kv-c2b5dfa0affa11f1be4bf5110f674704/oa-3145-big-Data.db
482915215	/work/vcomp-pebble-1tb/cassandra-comprehensive-100g-20260914-141045/baseline/cassandra-baseline-fidelity-100g-20260914-141045-baseline-20260914-141052/data/data/baseline_100g/kv-c2b5dfa0affa11f1be4bf5110f674704/oa-3768-big-Data.db
479166877	/work/vcomp-pebble-1tb/cassandra-comprehensive-100g-20260914-141045/baseline/cassandra-baseline-fidelity-100g-20260914-141045-baseline-20260914-141052/data/data/baseline_100g/kv-c2b5dfa0affa11f1be4bf5110f674704/oa-2532-big-Data.db
478474941	/work/vcomp-pebble-1tb/cassandra-comprehensive-100g-20260914-141045/baseline/cassandra-baseline-fidelity-100g-20260914-141045-baseline-20260914-141052/data/data/baseline_100g/kv-c2b5dfa0affa11f1be4bf5110f674704/oa-2492-big-Data.db
477877919	/work/vcomp-pebble-1tb/cassandra-comprehensive-100g-20260914-141045/baseline/cassandra-baseline-fidelity-100g-20260914-141045-baseline-20260914-141052/data/data/baseline_100g/kv-c2b5dfa0affa11f1be4bf5110f674704/oa-2508-big-Data.db
475184809	/work/vcomp-pebble-1tb/cassandra-comprehensive-100g-20260914-141045/baseline/cassandra-baseline-fidelity-100g-20260914-141045-baseline-20260914-141052/data/data/baseline_100g/kv-c2b5dfa0affa11f1be4bf5110f674704/oa-3777-big-Data.db
474458315	/work/vcomp-pebble-1tb/cassandra-comprehensive-100g-20260914-141045/baseline/cassandra-baseline-fidelity-100g-20260914-141045-baseline-20260914-141052/data/data/baseline_100g/kv-c2b5dfa0affa11f1be4bf5110f674704/oa-3158-big-Data.db
473831738	/work/vcomp-pebble-1tb/cassandra-comprehensive-100g-20260914-141045/baseline/cassandra-baseline-fidelity-100g-20260914-141045-baseline-20260914-141052/data/data/baseline_100g/kv-c2b5dfa0affa11f1be4bf5110f674704/oa-2482-big-Data.db
473444746	/work/vcomp-pebble-1tb/cassandra-comprehensive-100g-20260914-141045/baseline/cassandra-baseline-fidelity-100g-20260914-141045-baseline-20260914-141052/data/data/baseline_100g/kv-c2b5dfa0affa11f1be4bf5110f674704/oa-2574-big-Data.db
473036692	/work/vcomp-pebble-1tb/cassandra-comprehensive-100g-20260914-141045/baseline/cassandra-baseline-fidelity-100g-20260914-141045-baseline-20260914-141052/data/data/baseline_100g/kv-c2b5dfa0affa11f1be4bf5110f674704/oa-2526-big-Data.db
473010688	/work/vcomp-pebble-1tb/cassandra-comprehensive-100g-20260914-141045/baseline/cassandra-baseline-fidelity-100g-20260914-141045-baseline-20260914-141052/data/data/baseline_100g/kv-c2b5dfa0affa11f1be4bf5110f674704/oa-2543-big-Data.db
472873657	/work/vcomp-pebble-1tb/cassandra-comprehensive-100g-20260914-141045/baseline/cassandra-baseline-fidelity-100g-20260914-141045-baseline-20260914-141052/data/data/baseline_100g/kv-c2b5dfa0affa11f1be4bf5110f674704/oa-2568-big-Data.db
467976721	/work/vcomp-pebble-1tb/cassandra-comprehensive-100g-20260914-141045/baseline/cassandra-baseline-fidelity-100g-20260914-141045-baseline-20260914-141052/data/data/baseline_100g/kv-c2b5dfa0affa11f1be4bf5110f674704/oa-3746-big-Data.db
467885278	/work/vcomp-pebble-1tb/cassandra-comprehensive-100g-20260914-141045/baseline/cassandra-baseline-fidelity-100g-20260914-141045-baseline-20260914-141052/data/data/baseline_100g/kv-c2b5dfa0affa11f1be4bf5110f674704/oa-3164-big-Data.db
467624746	/work/vcomp-pebble-1tb/cassandra-comprehensive-100g-20260914-141045/baseline/cassandra-baseline-fidelity-100g-20260914-141045-baseline-20260914-141052/data/data/baseline_100g/kv-c2b5dfa0affa11f1be4bf5110f674704/oa-2514-big-Data.db
466693052	/work/vcomp-pebble-1tb/cassandra-comprehensive-100g-20260914-141045/baseline/cassandra-baseline-fidelity-100g-20260914-141045-baseline-20260914-141052/data/data/baseline_100g/kv-c2b5dfa0affa11f1be4bf5110f674704/oa-3751-big-Data.db
465921740	/work/vcomp-pebble-1tb/cassandra-comprehensive-100g-20260914-141045/baseline/cassandra-baseline-fidelity-100g-20260914-141045-baseline-20260914-141052/data/data/baseline_100g/kv-c2b5dfa0affa11f1be4bf5110f674704/oa-3173-big-Data.db
462711001	/work/vcomp-pebble-1tb/cassandra-comprehensive-100g-20260914-141045/baseline/cassandra-baseline-fidelity-100g-20260914-141045-baseline-20260914-141052/data/data/baseline_100g/kv-c2b5dfa0affa11f1be4bf5110f674704/oa-2464-big-Data.db
462623762	/work/vcomp-pebble-1tb/cassandra-comprehensive-100g-20260914-141045/baseline/cassandra-baseline-fidelity-100g-20260914-141045-baseline-20260914-141052/data/data/baseline_100g/kv-c2b5dfa0affa11f1be4bf5110f674704/oa-2570-big-Data.db
458731194	/work/vcomp-pebble-1tb/cassandra-comprehensive-100g-20260914-141045/baseline/cassandra-baseline-fidelity-100g-20260914-141045-baseline-20260914-141052/data/data/baseline_100g/kv-c2b5dfa0affa11f1be4bf5110f674704/oa-2522-big-Data.db
458355627	/work/vcomp-pebble-1tb/cassandra-comprehensive-100g-20260914-141045/baseline/cassandra-baseline-fidelity-100g-20260914-141045-baseline-20260914-141052/data/data/baseline_100g/kv-c2b5dfa0affa11f1be4bf5110f674704/oa-2452-big-Data.db
457650829	/work/vcomp-pebble-1tb/cassandra-comprehensive-100g-20260914-141045/baseline/cassandra-baseline-fidelity-100g-20260914-141045-baseline-20260914-141052/data/data/baseline_100g/kv-c2b5dfa0affa11f1be4bf5110f674704/oa-2462-big-Data.db
457050847	/work/vcomp-pebble-1tb/cassandra-comprehensive-100g-20260914-141045/baseline/cassandra-baseline-fidelity-100g-20260914-141045-baseline-20260914-141052/data/data/baseline_100g/kv-c2b5dfa0affa11f1be4bf5110f674704/oa-2459-big-Data.db
456345666	/work/vcomp-pebble-1tb/cassandra-comprehensive-100g-20260914-141045/baseline/cassandra-baseline-fidelity-100g-20260914-141045-baseline-20260914-141052/data/data/baseline_100g/kv-c2b5dfa0affa11f1be4bf5110f674704/oa-3774-big-Data.db
455942071	/work/vcomp-pebble-1tb/cassandra-comprehensive-100g-20260914-141045/baseline/cassandra-baseline-fidelity-100g-20260914-141045-baseline-20260914-141052/data/data/baseline_100g/kv-c2b5dfa0affa11f1be4bf5110f674704/oa-3143-big-Data.db
452906034	/work/vcomp-pebble-1tb/cassandra-comprehensive-100g-20260914-141045/baseline/cassandra-baseline-fidelity-100g-20260914-141045-baseline-20260914-141052/data/data/baseline_100g/kv-c2b5dfa0affa11f1be4bf5110f674704/oa-2524-big-Data.db
452325946	/work/vcomp-pebble-1tb/cassandra-comprehensive-100g-20260914-141045/baseline/cassandra-baseline-fidelity-100g-20260914-141045-baseline-20260914-141052/data/data/baseline_100g/kv-c2b5dfa0affa11f1be4bf5110f674704/oa-2571-big-Data.db
448189459	/work/vcomp-pebble-1tb/cassandra-comprehensive-100g-20260914-141045/baseline/cassandra-baseline-fidelity-100g-20260914-141045-baseline-20260914-141052/data/data/baseline_100g/kv-c2b5dfa0affa11f1be4bf5110f674704/oa-2503-big-Data.db
447463974	/work/vcomp-pebble-1tb/cassandra-comprehensive-100g-20260914-141045/baseline/cassandra-baseline-fidelity-100g-20260914-141045-baseline-20260914-141052/data/data/baseline_100g/kv-c2b5dfa0affa11f1be4bf5110f674704/oa-2460-big-Data.db
442523161	/work/vcomp-pebble-1tb/cassandra-comprehensive-100g-20260914-141045/baseline/cassandra-baseline-fidelity-100g-20260914-141045-baseline-20260914-141052/data/data/baseline_100g/kv-c2b5dfa0affa11f1be4bf5110f674704/oa-2453-big-Data.db
442451637	/work/vcomp-pebble-1tb/cassandra-comprehensive-100g-20260914-141045/baseline/cassandra-baseline-fidelity-100g-20260914-141045-baseline-20260914-141052/data/data/baseline_100g/kv-c2b5dfa0affa11f1be4bf5110f674704/oa-2517-big-Data.db
441324368	/work/vcomp-pebble-1tb/cassandra-comprehensive-100g-20260914-141045/baseline/cassandra-baseline-fidelity-100g-20260914-141045-baseline-20260914-141052/data/data/baseline_100g/kv-c2b5dfa0affa11f1be4bf5110f674704/oa-3155-big-Data.db
440547161	/work/vcomp-pebble-1tb/cassandra-comprehensive-100g-20260914-141045/baseline/cassandra-baseline-fidelity-100g-20260914-141045-baseline-20260914-141052/data/data/baseline_100g/kv-c2b5dfa0affa11f1be4bf5110f674704/oa-3754-big-Data.db
437568858	/work/vcomp-pebble-1tb/cassandra-comprehensive-100g-20260914-141045/baseline/cassandra-baseline-fidelity-100g-20260914-141045-baseline-20260914-141052/data/data/baseline_100g/kv-c2b5dfa0affa11f1be4bf5110f674704/oa-2468-big-Data.db
437367561	/work/vcomp-pebble-1tb/cassandra-comprehensive-100g-20260914-141045/baseline/cassandra-baseline-fidelity-100g-20260914-141045-baseline-20260914-141052/data/data/baseline_100g/kv-c2b5dfa0affa11f1be4bf5110f674704/oa-2507-big-Data.db
437006213	/work/vcomp-pebble-1tb/cassandra-comprehensive-100g-20260914-141045/baseline/cassandra-baseline-fidelity-100g-20260914-141045-baseline-20260914-141052/data/data/baseline_100g/kv-c2b5dfa0affa11f1be4bf5110f674704/oa-2461-big-Data.db
434445080	/work/vcomp-pebble-1tb/cassandra-comprehensive-100g-20260914-141045/baseline/cassandra-baseline-fidelity-100g-20260914-141045-baseline-20260914-141052/data/data/baseline_100g/kv-c2b5dfa0affa11f1be4bf5110f674704/oa-3136-big-Data.db
433421526	/work/vcomp-pebble-1tb/cassandra-comprehensive-100g-20260914-141045/baseline/cassandra-baseline-fidelity-100g-20260914-141045-baseline-20260914-141052/data/data/baseline_100g/kv-c2b5dfa0affa11f1be4bf5110f674704/oa-3769-big-Data.db
431976230	/work/vcomp-pebble-1tb/cassandra-comprehensive-100g-20260914-141045/baseline/cassandra-baseline-fidelity-100g-20260914-141045-baseline-20260914-141052/data/data/baseline_100g/kv-c2b5dfa0affa11f1be4bf5110f674704/oa-2439-big-Data.db
431835069	/work/vcomp-pebble-1tb/cassandra-comprehensive-100g-20260914-141045/baseline/cassandra-baseline-fidelity-100g-20260914-141045-baseline-20260914-141052/data/data/baseline_100g/kv-c2b5dfa0affa11f1be4bf5110f674704/oa-2475-big-Data.db
427373807	/work/vcomp-pebble-1tb/cassandra-comprehensive-100g-20260914-141045/baseline/cassandra-baseline-fidelity-100g-20260914-141045-baseline-20260914-141052/data/data/baseline_100g/kv-c2b5dfa0affa11f1be4bf5110f674704/oa-2477-big-Data.db
427121514	/work/vcomp-pebble-1tb/cassandra-comprehensive-100g-20260914-141045/baseline/cassandra-baseline-fidelity-100g-20260914-141045-baseline-20260914-141052/data/data/baseline_100g/kv-c2b5dfa0affa11f1be4bf5110f674704/oa-2546-big-Data.db
426904640	/work/vcomp-pebble-1tb/cassandra-comprehensive-100g-20260914-141045/baseline/cassandra-baseline-fidelity-100g-20260914-141045-baseline-20260914-141052/data/data/baseline_100g/kv-c2b5dfa0affa11f1be4bf5110f674704/oa-2500-big-Data.db
426855736	/work/vcomp-pebble-1tb/cassandra-comprehensive-100g-20260914-141045/baseline/cassandra-baseline-fidelity-100g-20260914-141045-baseline-20260914-141052/data/data/baseline_100g/kv-c2b5dfa0affa11f1be4bf5110f674704/oa-2527-big-Data.db
426736518	/work/vcomp-pebble-1tb/cassandra-comprehensive-100g-20260914-141045/baseline/cassandra-baseline-fidelity-100g-20260914-141045-baseline-20260914-141052/data/data/baseline_100g/kv-c2b5dfa0affa11f1be4bf5110f674704/oa-2502-big-Data.db
426455162	/work/vcomp-pebble-1tb/cassandra-comprehensive-100g-20260914-141045/baseline/cassandra-baseline-fidelity-100g-20260914-141045-baseline-20260914-141052/data/data/baseline_100g/kv-c2b5dfa0affa11f1be4bf5110f674704/oa-2537-big-Data.db
422868041	/work/vcomp-pebble-1tb/cassandra-comprehensive-100g-20260914-141045/baseline/cassandra-baseline-fidelity-100g-20260914-141045-baseline-20260914-141052/data/data/baseline_100g/kv-c2b5dfa0affa11f1be4bf5110f674704/oa-2528-big-Data.db
422118491	/work/vcomp-pebble-1tb/cassandra-comprehensive-100g-20260914-141045/baseline/cassandra-baseline-fidelity-100g-20260914-141045-baseline-20260914-141052/data/data/baseline_100g/kv-c2b5dfa0affa11f1be4bf5110f674704/oa-2451-big-Data.db
422035447	/work/vcomp-pebble-1tb/cassandra-comprehensive-100g-20260914-141045/baseline/cassandra-baseline-fidelity-100g-20260914-141045-baseline-20260914-141052/data/data/baseline_100g/kv-c2b5dfa0affa11f1be4bf5110f674704/oa-2493-big-Data.db
422007469	/work/vcomp-pebble-1tb/cassandra-comprehensive-100g-20260914-141045/baseline/cassandra-baseline-fidelity-100g-20260914-141045-baseline-20260914-141052/data/data/baseline_100g/kv-c2b5dfa0affa11f1be4bf5110f674704/oa-2484-big-Data.db
421904592	/work/vcomp-pebble-1tb/cassandra-comprehensive-100g-20260914-141045/baseline/cassandra-baseline-fidelity-100g-20260914-141045-baseline-20260914-141052/data/data/baseline_100g/kv-c2b5dfa0affa11f1be4bf5110f674704/oa-2544-big-Data.db
421560164	/work/vcomp-pebble-1tb/cassandra-comprehensive-100g-20260914-141045/baseline/cassandra-baseline-fidelity-100g-20260914-141045-baseline-20260914-141052/data/data/baseline_100g/kv-c2b5dfa0affa11f1be4bf5110f674704/oa-2496-big-Data.db
416956643	/work/vcomp-pebble-1tb/cassandra-comprehensive-100g-20260914-141045/baseline/cassandra-baseline-fidelity-100g-20260914-141045-baseline-20260914-141052/data/data/baseline_100g/kv-c2b5dfa0affa11f1be4bf5110f674704/oa-2560-big-Data.db
416674257	/work/vcomp-pebble-1tb/cassandra-comprehensive-100g-20260914-141045/baseline/cassandra-baseline-fidelity-100g-20260914-141045-baseline-20260914-141052/data/data/baseline_100g/kv-c2b5dfa0affa11f1be4bf5110f674704/oa-2538-big-Data.db
416592294	/work/vcomp-pebble-1tb/cassandra-comprehensive-100g-20260914-141045/baseline/cassandra-baseline-fidelity-100g-20260914-141045-baseline-20260914-141052/data/data/baseline_100g/kv-c2b5dfa0affa11f1be4bf5110f674704/oa-2549-big-Data.db
416295458	/work/vcomp-pebble-1tb/cassandra-comprehensive-100g-20260914-141045/baseline/cassandra-baseline-fidelity-100g-20260914-141045-baseline-20260914-141052/data/data/baseline_100g/kv-c2b5dfa0affa11f1be4bf5110f674704/oa-2577-big-Data.db
416259972	/work/vcomp-pebble-1tb/cassandra-comprehensive-100g-20260914-141045/baseline/cassandra-baseline-fidelity-100g-20260914-141045-baseline-20260914-141052/data/data/baseline_100g/kv-c2b5dfa0affa11f1be4bf5110f674704/oa-2443-big-Data.db
416166806	/work/vcomp-pebble-1tb/cassandra-comprehensive-100g-20260914-141045/baseline/cassandra-baseline-fidelity-100g-20260914-141045-baseline-20260914-141052/data/data/baseline_100g/kv-c2b5dfa0affa11f1be4bf5110f674704/oa-2547-big-Data.db
416097082	/work/vcomp-pebble-1tb/cassandra-comprehensive-100g-20260914-141045/baseline/cassandra-baseline-fidelity-100g-20260914-141045-baseline-20260914-141052/data/data/baseline_100g/kv-c2b5dfa0affa11f1be4bf5110f674704/oa-2440-big-Data.db
415987992	/work/vcomp-pebble-1tb/cassandra-comprehensive-100g-20260914-141045/baseline/cassandra-baseline-fidelity-100g-20260914-141045-baseline-20260914-141052/data/data/baseline_100g/kv-c2b5dfa0affa11f1be4bf5110f674704/oa-2476-big-Data.db
412472619	/work/vcomp-pebble-1tb/cassandra-comprehensive-100g-20260914-141045/baseline/cassandra-baseline-fidelity-100g-20260914-141045-baseline-20260914-141052/data/data/baseline_100g/kv-c2b5dfa0affa11f1be4bf5110f674704/oa-2562-big-Data.db
411910888	/work/vcomp-pebble-1tb/cassandra-comprehensive-100g-20260914-141045/baseline/cassandra-baseline-fidelity-100g-20260914-141045-baseline-20260914-141052/data/data/baseline_100g/kv-c2b5dfa0affa11f1be4bf5110f674704/oa-2498-big-Data.db
411767783	/work/vcomp-pebble-1tb/cassandra-comprehensive-100g-20260914-141045/baseline/cassandra-baseline-fidelity-100g-20260914-141045-baseline-20260914-141052/data/data/baseline_100g/kv-c2b5dfa0affa11f1be4bf5110f674704/oa-2481-big-Data.db
411499076	/work/vcomp-pebble-1tb/cassandra-comprehensive-100g-20260914-141045/baseline/cassandra-baseline-fidelity-100g-20260914-141045-baseline-20260914-141052/data/data/baseline_100g/kv-c2b5dfa0affa11f1be4bf5110f674704/oa-2478-big-Data.db
411492646	/work/vcomp-pebble-1tb/cassandra-comprehensive-100g-20260914-141045/baseline/cassandra-baseline-fidelity-100g-20260914-141045-baseline-20260914-141052/data/data/baseline_100g/kv-c2b5dfa0affa11f1be4bf5110f674704/oa-2487-big-Data.db
411126192	/work/vcomp-pebble-1tb/cassandra-comprehensive-100g-20260914-141045/baseline/cassandra-baseline-fidelity-100g-20260914-141045-baseline-20260914-141052/data/data/baseline_100g/kv-c2b5dfa0affa11f1be4bf5110f674704/oa-2521-big-Data.db
406879736	/work/vcomp-pebble-1tb/cassandra-comprehensive-100g-20260914-141045/baseline/cassandra-baseline-fidelity-100g-20260914-141045-baseline-20260914-141052/data/data/baseline_100g/kv-c2b5dfa0affa11f1be4bf5110f674704/oa-2480-big-Data.db
406761576	/work/vcomp-pebble-1tb/cassandra-comprehensive-100g-20260914-141045/baseline/cassandra-baseline-fidelity-100g-20260914-141045-baseline-20260914-141052/data/data/baseline_100g/kv-c2b5dfa0affa11f1be4bf5110f674704/oa-2540-big-Data.db
406461488	/work/vcomp-pebble-1tb/cassandra-comprehensive-100g-20260914-141045/baseline/cassandra-baseline-fidelity-100g-20260914-141045-baseline-20260914-141052/data/data/baseline_100g/kv-c2b5dfa0affa11f1be4bf5110f674704/oa-2486-big-Data.db
402174757	/work/vcomp-pebble-1tb/cassandra-comprehensive-100g-20260914-141045/baseline/cassandra-baseline-fidelity-100g-20260914-141045-baseline-20260914-141052/data/data/baseline_100g/kv-c2b5dfa0affa11f1be4bf5110f674704/oa-2470-big-Data.db
401600910	/work/vcomp-pebble-1tb/cassandra-comprehensive-100g-20260914-141045/baseline/cassandra-baseline-fidelity-100g-20260914-141045-baseline-20260914-141052/data/data/baseline_100g/kv-c2b5dfa0affa11f1be4bf5110f674704/oa-2535-big-Data.db
401321545	/work/vcomp-pebble-1tb/cassandra-comprehensive-100g-20260914-141045/baseline/cassandra-baseline-fidelity-100g-20260914-141045-baseline-20260914-141052/data/data/baseline_100g/kv-c2b5dfa0affa11f1be4bf5110f674704/oa-2555-big-Data.db
401094176	/work/vcomp-pebble-1tb/cassandra-comprehensive-100g-20260914-141045/baseline/cassandra-baseline-fidelity-100g-20260914-141045-baseline-20260914-141052/data/data/baseline_100g/kv-c2b5dfa0affa11f1be4bf5110f674704/oa-2518-big-Data.db
400880409	/work/vcomp-pebble-1tb/cassandra-comprehensive-100g-20260914-141045/baseline/cassandra-baseline-fidelity-100g-20260914-141045-baseline-20260914-141052/data/data/baseline_100g/kv-c2b5dfa0affa11f1be4bf5110f674704/oa-2519-big-Data.db
396379514	/work/vcomp-pebble-1tb/cassandra-comprehensive-100g-20260914-141045/baseline/cassandra-baseline-fidelity-100g-20260914-141045-baseline-20260914-141052/data/data/baseline_100g/kv-c2b5dfa0affa11f1be4bf5110f674704/oa-2552-big-Data.db
396152125	/work/vcomp-pebble-1tb/cassandra-comprehensive-100g-20260914-141045/baseline/cassandra-baseline-fidelity-100g-20260914-141045-baseline-20260914-141052/data/data/baseline_100g/kv-c2b5dfa0affa11f1be4bf5110f674704/oa-2495-big-Data.db
396028760	/work/vcomp-pebble-1tb/cassandra-comprehensive-100g-20260914-141045/baseline/cassandra-baseline-fidelity-100g-20260914-141045-baseline-20260914-141052/data/data/baseline_100g/kv-c2b5dfa0affa11f1be4bf5110f674704/oa-2441-big-Data.db
395970666	/work/vcomp-pebble-1tb/cassandra-comprehensive-100g-20260914-141045/baseline/cassandra-baseline-fidelity-100g-20260914-141045-baseline-20260914-141052/data/data/baseline_100g/kv-c2b5dfa0affa11f1be4bf5110f674704/oa-2529-big-Data.db
395836766	/work/vcomp-pebble-1tb/cassandra-comprehensive-100g-20260914-141045/baseline/cassandra-baseline-fidelity-100g-20260914-141045-baseline-20260914-141052/data/data/baseline_100g/kv-c2b5dfa0affa11f1be4bf5110f674704/oa-2530-big-Data.db
395143403	/work/vcomp-pebble-1tb/cassandra-comprehensive-100g-20260914-141045/baseline/cassandra-baseline-fidelity-100g-20260914-141045-baseline-20260914-141052/data/data/baseline_100g/kv-c2b5dfa0affa11f1be4bf5110f674704/oa-2465-big-Data.db
391886145	/work/vcomp-pebble-1tb/cassandra-comprehensive-100g-20260914-141045/baseline/cassandra-baseline-fidelity-100g-20260914-141045-baseline-20260914-141052/data/data/baseline_100g/kv-c2b5dfa0affa11f1be4bf5110f674704/oa-2456-big-Data.db
391244719	/work/vcomp-pebble-1tb/cassandra-comprehensive-100g-20260914-141045/baseline/cassandra-baseline-fidelity-100g-20260914-141045-baseline-20260914-141052/data/data/baseline_100g/kv-c2b5dfa0affa11f1be4bf5110f674704/oa-2463-big-Data.db
391142119	/work/vcomp-pebble-1tb/cassandra-comprehensive-100g-20260914-141045/baseline/cassandra-baseline-fidelity-100g-20260914-141045-baseline-20260914-141052/data/data/baseline_100g/kv-c2b5dfa0affa11f1be4bf5110f674704/oa-2466-big-Data.db
390756797	/work/vcomp-pebble-1tb/cassandra-comprehensive-100g-20260914-141045/baseline/cassandra-baseline-fidelity-100g-20260914-141045-baseline-20260914-141052/data/data/baseline_100g/kv-c2b5dfa0affa11f1be4bf5110f674704/oa-2565-big-Data.db
386302850	/work/vcomp-pebble-1tb/cassandra-comprehensive-100g-20260914-141045/baseline/cassandra-baseline-fidelity-100g-20260914-141045-baseline-20260914-141052/data/data/baseline_100g/kv-c2b5dfa0affa11f1be4bf5110f674704/oa-2548-big-Data.db
386058838	/work/vcomp-pebble-1tb/cassandra-comprehensive-100g-20260914-141045/baseline/cassandra-baseline-fidelity-100g-20260914-141045-baseline-20260914-141052/data/data/baseline_100g/kv-c2b5dfa0affa11f1be4bf5110f674704/oa-2572-big-Data.db
385956257	/work/vcomp-pebble-1tb/cassandra-comprehensive-100g-20260914-141045/baseline/cassandra-baseline-fidelity-100g-20260914-141045-baseline-20260914-141052/data/data/baseline_100g/kv-c2b5dfa0affa11f1be4bf5110f674704/oa-2567-big-Data.db
385930405	/work/vcomp-pebble-1tb/cassandra-comprehensive-100g-20260914-141045/baseline/cassandra-baseline-fidelity-100g-20260914-141045-baseline-20260914-141052/data/data/baseline_100g/kv-c2b5dfa0affa11f1be4bf5110f674704/oa-2474-big-Data.db
385606443	/work/vcomp-pebble-1tb/cassandra-comprehensive-100g-20260914-141045/baseline/cassandra-baseline-fidelity-100g-20260914-141045-baseline-20260914-141052/data/data/baseline_100g/kv-c2b5dfa0affa11f1be4bf5110f674704/oa-2489-big-Data.db
381030007	/work/vcomp-pebble-1tb/cassandra-comprehensive-100g-20260914-141045/baseline/cassandra-baseline-fidelity-100g-20260914-141045-baseline-20260914-141052/data/data/baseline_100g/kv-c2b5dfa0affa11f1be4bf5110f674704/oa-2497-big-Data.db
381008188	/work/vcomp-pebble-1tb/cassandra-comprehensive-100g-20260914-141045/baseline/cassandra-baseline-fidelity-100g-20260914-141045-baseline-20260914-141052/data/data/baseline_100g/kv-c2b5dfa0affa11f1be4bf5110f674704/oa-2554-big-Data.db
380974932	/work/vcomp-pebble-1tb/cassandra-comprehensive-100g-20260914-141045/baseline/cassandra-baseline-fidelity-100g-20260914-141045-baseline-20260914-141052/data/data/baseline_100g/kv-c2b5dfa0affa11f1be4bf5110f674704/oa-2545-big-Data.db
380795350	/work/vcomp-pebble-1tb/cassandra-comprehensive-100g-20260914-141045/baseline/cassandra-baseline-fidelity-100g-20260914-141045-baseline-20260914-141052/data/data/baseline_100g/kv-c2b5dfa0affa11f1be4bf5110f674704/oa-2557-big-Data.db
380671941	/work/vcomp-pebble-1tb/cassandra-comprehensive-100g-20260914-141045/baseline/cassandra-baseline-fidelity-100g-20260914-141045-baseline-20260914-141052/data/data/baseline_100g/kv-c2b5dfa0affa11f1be4bf5110f674704/oa-2469-big-Data.db
380588866	/work/vcomp-pebble-1tb/cassandra-comprehensive-100g-20260914-141045/baseline/cassandra-baseline-fidelity-100g-20260914-141045-baseline-20260914-141052/data/data/baseline_100g/kv-c2b5dfa0affa11f1be4bf5110f674704/oa-2455-big-Data.db
380494276	/work/vcomp-pebble-1tb/cassandra-comprehensive-100g-20260914-141045/baseline/cassandra-baseline-fidelity-100g-20260914-141045-baseline-20260914-141052/data/data/baseline_100g/kv-c2b5dfa0affa11f1be4bf5110f674704/oa-2449-big-Data.db
376009126	/work/vcomp-pebble-1tb/cassandra-comprehensive-100g-20260914-141045/baseline/cassandra-baseline-fidelity-100g-20260914-141045-baseline-20260914-141052/data/data/baseline_100g/kv-c2b5dfa0affa11f1be4bf5110f674704/oa-2450-big-Data.db
375927316	/work/vcomp-pebble-1tb/cassandra-comprehensive-100g-20260914-141045/baseline/cassandra-baseline-fidelity-100g-20260914-141045-baseline-20260914-141052/data/data/baseline_100g/kv-c2b5dfa0affa11f1be4bf5110f674704/oa-2533-big-Data.db
375768504	/work/vcomp-pebble-1tb/cassandra-comprehensive-100g-20260914-141045/baseline/cassandra-baseline-fidelity-100g-20260914-141045-baseline-20260914-141052/data/data/baseline_100g/kv-c2b5dfa0affa11f1be4bf5110f674704/oa-2506-big-Data.db
375599408	/work/vcomp-pebble-1tb/cassandra-comprehensive-100g-20260914-141045/baseline/cassandra-baseline-fidelity-100g-20260914-141045-baseline-20260914-141052/data/data/baseline_100g/kv-c2b5dfa0affa11f1be4bf5110f674704/oa-2479-big-Data.db
375581507	/work/vcomp-pebble-1tb/cassandra-comprehensive-100g-20260914-141045/baseline/cassandra-baseline-fidelity-100g-20260914-141045-baseline-20260914-141052/data/data/baseline_100g/kv-c2b5dfa0affa11f1be4bf5110f674704/oa-2525-big-Data.db
375272192	/work/vcomp-pebble-1tb/cassandra-comprehensive-100g-20260914-141045/baseline/cassandra-baseline-fidelity-100g-20260914-141045-baseline-20260914-141052/data/data/baseline_100g/kv-c2b5dfa0affa11f1be4bf5110f674704/oa-2458-big-Data.db
375094847	/work/vcomp-pebble-1tb/cassandra-comprehensive-100g-20260914-141045/baseline/cassandra-baseline-fidelity-100g-20260914-141045-baseline-20260914-141052/data/data/baseline_100g/kv-c2b5dfa0affa11f1be4bf5110f674704/oa-2513-big-Data.db
370629199	/work/vcomp-pebble-1tb/cassandra-comprehensive-100g-20260914-141045/baseline/cassandra-baseline-fidelity-100g-20260914-141045-baseline-20260914-141052/data/data/baseline_100g/kv-c2b5dfa0affa11f1be4bf5110f674704/oa-2559-big-Data.db
370096889	/work/vcomp-pebble-1tb/cassandra-comprehensive-100g-20260914-141045/baseline/cassandra-baseline-fidelity-100g-20260914-141045-baseline-20260914-141052/data/data/baseline_100g/kv-c2b5dfa0affa11f1be4bf5110f674704/oa-2467-big-Data.db
368945988	/work/vcomp-pebble-1tb/cassandra-comprehensive-100g-20260914-141045/baseline/cassandra-baseline-fidelity-100g-20260914-141045-baseline-20260914-141052/data/data/baseline_100g/kv-c2b5dfa0affa11f1be4bf5110f674704/oa-2511-big-Data.db
365639852	/work/vcomp-pebble-1tb/cassandra-comprehensive-100g-20260914-141045/baseline/cassandra-baseline-fidelity-100g-20260914-141045-baseline-20260914-141052/data/data/baseline_100g/kv-c2b5dfa0affa11f1be4bf5110f674704/oa-2563-big-Data.db
365153996	/work/vcomp-pebble-1tb/cassandra-comprehensive-100g-20260914-141045/baseline/cassandra-baseline-fidelity-100g-20260914-141045-baseline-20260914-141052/data/data/baseline_100g/kv-c2b5dfa0affa11f1be4bf5110f674704/oa-2569-big-Data.db
365002530	/work/vcomp-pebble-1tb/cassandra-comprehensive-100g-20260914-141045/baseline/cassandra-baseline-fidelity-100g-20260914-141045-baseline-20260914-141052/data/data/baseline_100g/kv-c2b5dfa0affa11f1be4bf5110f674704/oa-2542-big-Data.db
360921036	/work/vcomp-pebble-1tb/cassandra-comprehensive-100g-20260914-141045/baseline/cassandra-baseline-fidelity-100g-20260914-141045-baseline-20260914-141052/data/data/baseline_100g/kv-c2b5dfa0affa11f1be4bf5110f674704/oa-2454-big-Data.db
360283801	/work/vcomp-pebble-1tb/cassandra-comprehensive-100g-20260914-141045/baseline/cassandra-baseline-fidelity-100g-20260914-141045-baseline-20260914-141052/data/data/baseline_100g/kv-c2b5dfa0affa11f1be4bf5110f674704/oa-2488-big-Data.db
354581185	/work/vcomp-pebble-1tb/cassandra-comprehensive-100g-20260914-141045/baseline/cassandra-baseline-fidelity-100g-20260914-141045-baseline-20260914-141052/data/data/baseline_100g/kv-c2b5dfa0affa11f1be4bf5110f674704/oa-2505-big-Data.db
350520661	/work/vcomp-pebble-1tb/cassandra-comprehensive-100g-20260914-141045/baseline/cassandra-baseline-fidelity-100g-20260914-141045-baseline-20260914-141052/data/data/baseline_100g/kv-c2b5dfa0affa11f1be4bf5110f674704/oa-2564-big-Data.db
350177936	/work/vcomp-pebble-1tb/cassandra-comprehensive-100g-20260914-141045/baseline/cassandra-baseline-fidelity-100g-20260914-141045-baseline-20260914-141052/data/data/baseline_100g/kv-c2b5dfa0affa11f1be4bf5110f674704/oa-2541-big-Data.db
349861536	/work/vcomp-pebble-1tb/cassandra-comprehensive-100g-20260914-141045/baseline/cassandra-baseline-fidelity-100g-20260914-141045-baseline-20260914-141052/data/data/baseline_100g/kv-c2b5dfa0affa11f1be4bf5110f674704/oa-2576-big-Data.db
349429812	/work/vcomp-pebble-1tb/cassandra-comprehensive-100g-20260914-141045/baseline/cassandra-baseline-fidelity-100g-20260914-141045-baseline-20260914-141052/data/data/baseline_100g/kv-c2b5dfa0affa11f1be4bf5110f674704/oa-2483-big-Data.db
344695544	/work/vcomp-pebble-1tb/cassandra-comprehensive-100g-20260914-141045/baseline/cassandra-baseline-fidelity-100g-20260914-141045-baseline-20260914-141052/data/data/baseline_100g/kv-c2b5dfa0affa11f1be4bf5110f674704/oa-2494-big-Data.db
344663185	/work/vcomp-pebble-1tb/cassandra-comprehensive-100g-20260914-141045/baseline/cassandra-baseline-fidelity-100g-20260914-141045-baseline-20260914-141052/data/data/baseline_100g/kv-c2b5dfa0affa11f1be4bf5110f674704/oa-2573-big-Data.db
344603251	/work/vcomp-pebble-1tb/cassandra-comprehensive-100g-20260914-141045/baseline/cassandra-baseline-fidelity-100g-20260914-141045-baseline-20260914-141052/data/data/baseline_100g/kv-c2b5dfa0affa11f1be4bf5110f674704/oa-2553-big-Data.db
344374478	/work/vcomp-pebble-1tb/cassandra-comprehensive-100g-20260914-141045/baseline/cassandra-baseline-fidelity-100g-20260914-141045-baseline-20260914-141052/data/data/baseline_100g/kv-c2b5dfa0affa11f1be4bf5110f674704/oa-2499-big-Data.db
344287432	/work/vcomp-pebble-1tb/cassandra-comprehensive-100g-20260914-141045/baseline/cassandra-baseline-fidelity-100g-20260914-141045-baseline-20260914-141052/data/data/baseline_100g/kv-c2b5dfa0affa11f1be4bf5110f674704/oa-2534-big-Data.db
344109006	/work/vcomp-pebble-1tb/cassandra-comprehensive-100g-20260914-141045/baseline/cassandra-baseline-fidelity-100g-20260914-141045-baseline-20260914-141052/data/data/baseline_100g/kv-c2b5dfa0affa11f1be4bf5110f674704/oa-2471-big-Data.db
339728674	/work/vcomp-pebble-1tb/cassandra-comprehensive-100g-20260914-141045/baseline/cassandra-baseline-fidelity-100g-20260914-141045-baseline-20260914-141052/data/data/baseline_100g/kv-c2b5dfa0affa11f1be4bf5110f674704/oa-2510-big-Data.db
339196211	/work/vcomp-pebble-1tb/cassandra-comprehensive-100g-20260914-141045/baseline/cassandra-baseline-fidelity-100g-20260914-141045-baseline-20260914-141052/data/data/baseline_100g/kv-c2b5dfa0affa11f1be4bf5110f674704/oa-2531-big-Data.db
339063296	/work/vcomp-pebble-1tb/cassandra-comprehensive-100g-20260914-141045/baseline/cassandra-baseline-fidelity-100g-20260914-141045-baseline-20260914-141052/data/data/baseline_100g/kv-c2b5dfa0affa11f1be4bf5110f674704/oa-2501-big-Data.db
334552193	/work/vcomp-pebble-1tb/cassandra-comprehensive-100g-20260914-141045/baseline/cassandra-baseline-fidelity-100g-20260914-141045-baseline-20260914-141052/data/data/baseline_100g/kv-c2b5dfa0affa11f1be4bf5110f674704/oa-2472-big-Data.db
329546098	/work/vcomp-pebble-1tb/cassandra-comprehensive-100g-20260914-141045/baseline/cassandra-baseline-fidelity-100g-20260914-141045-baseline-20260914-141052/data/data/baseline_100g/kv-c2b5dfa0affa11f1be4bf5110f674704/oa-2536-big-Data.db
313478029	/work/vcomp-pebble-1tb/cassandra-comprehensive-100g-20260914-141045/baseline/cassandra-baseline-fidelity-100g-20260914-141045-baseline-20260914-141052/data/data/baseline_100g/kv-c2b5dfa0affa11f1be4bf5110f674704/oa-2490-big-Data.db
284230020	/work/vcomp-pebble-1tb/cassandra-comprehensive-100g-20260914-141045/baseline/cassandra-baseline-fidelity-100g-20260914-141045-baseline-20260914-141052/data/data/baseline_100g/kv-c2b5dfa0affa11f1be4bf5110f674704/oa-3906-big-Data.db
282178631	/work/vcomp-pebble-1tb/cassandra-comprehensive-100g-20260914-141045/baseline/cassandra-baseline-fidelity-100g-20260914-141045-baseline-20260914-141052/data/data/baseline_100g/kv-c2b5dfa0affa11f1be4bf5110f674704/oa-3915-big-Data.db
278182948	/work/vcomp-pebble-1tb/cassandra-comprehensive-100g-20260914-141045/baseline/cassandra-baseline-fidelity-100g-20260914-141045-baseline-20260914-141052/data/data/baseline_100g/kv-c2b5dfa0affa11f1be4bf5110f674704/oa-3910-big-Data.db
275438515	/work/vcomp-pebble-1tb/cassandra-comprehensive-100g-20260914-141045/baseline/cassandra-baseline-fidelity-100g-20260914-141045-baseline-20260914-141052/data/data/baseline_100g/kv-c2b5dfa0affa11f1be4bf5110f674704/oa-3908-big-Data.db
274815223	/work/vcomp-pebble-1tb/cassandra-comprehensive-100g-20260914-141045/baseline/cassandra-baseline-fidelity-100g-20260914-141045-baseline-20260914-141052/data/data/baseline_100g/kv-c2b5dfa0affa11f1be4bf5110f674704/oa-3907-big-Data.db
272717115	/work/vcomp-pebble-1tb/cassandra-comprehensive-100g-20260914-141045/baseline/cassandra-baseline-fidelity-100g-20260914-141045-baseline-20260914-141052/data/data/baseline_100g/kv-c2b5dfa0affa11f1be4bf5110f674704/oa-3914-big-Data.db
272430125	/work/vcomp-pebble-1tb/cassandra-comprehensive-100g-20260914-141045/baseline/cassandra-baseline-fidelity-100g-20260914-141045-baseline-20260914-141052/data/data/baseline_100g/kv-c2b5dfa0affa11f1be4bf5110f674704/oa-3903-big-Data.db
272426882	/work/vcomp-pebble-1tb/cassandra-comprehensive-100g-20260914-141045/baseline/cassandra-baseline-fidelity-100g-20260914-141045-baseline-20260914-141052/data/data/baseline_100g/kv-c2b5dfa0affa11f1be4bf5110f674704/oa-2509-big-Data.db
269579647	/work/vcomp-pebble-1tb/cassandra-comprehensive-100g-20260914-141045/baseline/cassandra-baseline-fidelity-100g-20260914-141045-baseline-20260914-141052/data/data/baseline_100g/kv-c2b5dfa0affa11f1be4bf5110f674704/oa-3913-big-Data.db
268700593	/work/vcomp-pebble-1tb/cassandra-comprehensive-100g-20260914-141045/baseline/cassandra-baseline-fidelity-100g-20260914-141045-baseline-20260914-141052/data/data/baseline_100g/kv-c2b5dfa0affa11f1be4bf5110f674704/oa-3901-big-Data.db
267810511	/work/vcomp-pebble-1tb/cassandra-comprehensive-100g-20260914-141045/baseline/cassandra-baseline-fidelity-100g-20260914-141045-baseline-20260914-141052/data/data/baseline_100g/kv-c2b5dfa0affa11f1be4bf5110f674704/oa-3909-big-Data.db
262286764	/work/vcomp-pebble-1tb/cassandra-comprehensive-100g-20260914-141045/baseline/cassandra-baseline-fidelity-100g-20260914-141045-baseline-20260914-141052/data/data/baseline_100g/kv-c2b5dfa0affa11f1be4bf5110f674704/oa-3902-big-Data.db
260227742	/work/vcomp-pebble-1tb/cassandra-comprehensive-100g-20260914-141045/baseline/cassandra-baseline-fidelity-100g-20260914-141045-baseline-20260914-141052/data/data/baseline_100g/kv-c2b5dfa0affa11f1be4bf5110f674704/oa-3916-big-Data.db
258141385	/work/vcomp-pebble-1tb/cassandra-comprehensive-100g-20260914-141045/baseline/cassandra-baseline-fidelity-100g-20260914-141045-baseline-20260914-141052/data/data/baseline_100g/kv-c2b5dfa0affa11f1be4bf5110f674704/oa-3904-big-Data.db
257365721	/work/vcomp-pebble-1tb/cassandra-comprehensive-100g-20260914-141045/baseline/cassandra-baseline-fidelity-100g-20260914-141045-baseline-20260914-141052/data/data/baseline_100g/kv-c2b5dfa0affa11f1be4bf5110f674704/oa-3905-big-Data.db
246646199	/work/vcomp-pebble-1tb/cassandra-comprehensive-100g-20260914-141045/baseline/cassandra-baseline-fidelity-100g-20260914-141045-baseline-20260914-141052/data/data/baseline_100g/kv-c2b5dfa0affa11f1be4bf5110f674704/oa-3911-big-Data.db
235556587	/work/vcomp-pebble-1tb/cassandra-comprehensive-100g-20260914-141045/baseline/cassandra-baseline-fidelity-100g-20260914-141045-baseline-20260914-141052/data/data/baseline_100g/kv-c2b5dfa0affa11f1be4bf5110f674704/oa-3912-big-Data.db
