scope,metric,baseline,vcomp,delta_percent,verdict,primary
A,throughput_ops_per_second,88098.139242,63950.948288,-27.409422221358394,outside_10pct,True
A,point_reads,480192,480192,0.0,within_10pct,False
A,writes,479808,479808,0.0,within_10pct,False
A,scans,0,0,,undefined_zero_baseline,False
A,point_read_hits,375112,375145,0.008797372518065671,within_10pct,False
A,point_read_misses,105080,105047,-0.03140464408070143,within_10pct,False
A,point_hit_fraction,0.7811708649873383,0.781239587498334,0.008797372518087876,within_10pct,False
A,disk_read_bytes,57097068544,91404623872,60.08636906036953,outside_10pct,False
A,disk_write_bytes,196501504,197013504,0.26055780214282453,within_10pct,False
A,operation_latency_p50_us,392.447,482.815,23.026803619342218,outside_10pct,False
A,operation_latency_p95_us,1158.143,1757.183,51.72418259230509,outside_10pct,False
A,operation_latency_p99_us,2885.631,4186.111,45.06743932262995,outside_10pct,False
A,point_lookup_latency_p50_us,513.535,668.671,30.209430710662378,outside_10pct,True
A,point_lookup_latency_p95_us,1382.399,2160.639,56.29633701991974,outside_10pct,True
A,point_lookup_latency_p99_us,3819.519,5349.375,40.05362978951015,outside_10pct,True
A,point_lookup_hit_latency_p50_us,462.079,564.735,22.216114560497235,outside_10pct,False
A,point_lookup_hit_latency_p95_us,1286.143,1947.647,51.43316100931232,outside_10pct,False
A,point_lookup_hit_latency_p99_us,3428.351,4726.783,37.873368275302035,outside_10pct,False
A,point_lookup_miss_latency_p50_us,680.447,1056.767,55.30482168339341,outside_10pct,False
A,point_lookup_miss_latency_p95_us,1679.359,2777.087,65.36589258163383,outside_10pct,False
A,point_lookup_miss_latency_p99_us,4853.759,6909.951,42.36287792615991,outside_10pct,False
A,scan_latency_p50_us,0.0,0.0,,undefined_zero_baseline,False
A,scan_latency_p95_us,0.0,0.0,,undefined_zero_baseline,False
A,scan_latency_p99_us,0.0,0.0,,undefined_zero_baseline,False
B,throughput_ops_per_second,56017.5399,46693.260707,-16.645285047585613,outside_10pct,True
B,point_reads,911944,911944,0.0,within_10pct,False
B,writes,48056,48056,0.0,within_10pct,False
B,scans,0,0,,undefined_zero_baseline,False
B,point_read_hits,680085,679987,-0.014409963460448871,within_10pct,False
B,point_read_misses,231859,231957,0.0422670674849801,within_10pct,False
B,point_hit_fraction,0.7457530286947445,0.7456455659558043,-0.014409963460448871,within_10pct,False
B,disk_read_bytes,99345661952,126752038912,27.58688846750219,outside_10pct,False
B,disk_write_bytes,3698688,4108288,11.074197120708739,outside_10pct,False
B,operation_latency_p50_us,689.663,795.647,15.36750557881168,outside_10pct,False
B,operation_latency_p95_us,1684.479,2258.943,34.1033637106785,outside_10pct,False
B,operation_latency_p99_us,3964.927,4440.063,11.983474096748825,outside_10pct,False
B,point_lookup_latency_p50_us,694.783,802.815,15.54902753809464,outside_10pct,True
B,point_lookup_latency_p95_us,1696.767,2285.567,34.701287802037626,outside_10pct,True
B,point_lookup_latency_p99_us,3997.695,4489.215,12.295085042755893,outside_10pct,True
B,point_lookup_hit_latency_p50_us,653.311,736.767,12.774314224006634,outside_10pct,False
B,point_lookup_hit_latency_p95_us,1613.823,2096.127,29.88580532065783,outside_10pct,False
B,point_lookup_hit_latency_p99_us,3756.031,4104.191,9.269359065460314,within_10pct,False
B,point_lookup_miss_latency_p50_us,821.759,1031.167,25.482897053759057,outside_10pct,False
B,point_lookup_miss_latency_p95_us,1908.735,2701.311,41.52362690473011,outside_10pct,False
B,point_lookup_miss_latency_p99_us,4694.015,5386.239,14.746949040426994,outside_10pct,False
B,scan_latency_p50_us,0.0,0.0,,undefined_zero_baseline,False
B,scan_latency_p95_us,0.0,0.0,,undefined_zero_baseline,False
B,scan_latency_p99_us,0.0,0.0,,undefined_zero_baseline,False
C,throughput_ops_per_second,48583.021974,36678.088355,-24.50430857382878,outside_10pct,True
C,point_reads,960000,960000,0.0,within_10pct,False
C,writes,0,0,,undefined_zero_baseline,False
C,scans,0,0,,undefined_zero_baseline,False
C,point_read_hits,551235,631142,14.495995355882707,outside_10pct,False
C,point_read_misses,408765,328858,-19.548395777524984,outside_10pct,False
C,point_hit_fraction,0.574203125,0.6574395833333333,14.495995355882684,outside_10pct,False
C,disk_read_bytes,106198355968,131205754880,23.547821135324632,outside_10pct,False
C,disk_write_bytes,4136960,4354048,5.247524752475252,within_10pct,False
C,operation_latency_p50_us,798.719,1017.343,27.371829141412675,outside_10pct,False
C,operation_latency_p95_us,1846.271,2512.895,36.106508741132814,outside_10pct,False
C,operation_latency_p99_us,3825.663,4976.639,30.085660969092153,outside_10pct,False
C,point_lookup_latency_p50_us,798.207,1016.319,27.325242700201823,outside_10pct,True
C,point_lookup_latency_p95_us,1845.247,2510.847,36.07105173453744,outside_10pct,True
C,point_lookup_latency_p99_us,3823.615,4976.639,30.155337292065234,outside_10pct,True
C,point_lookup_hit_latency_p50_us,809.983,980.991,21.112541868162673,outside_10pct,False
C,point_lookup_hit_latency_p95_us,1870.847,2410.495,28.84511667709866,outside_10pct,False
C,point_lookup_hit_latency_p99_us,3932.159,4771.839,21.35417209731345,outside_10pct,False
C,point_lookup_miss_latency_p50_us,782.335,1092.607,39.65973655786843,outside_10pct,False
C,point_lookup_miss_latency_p95_us,1808.383,2678.783,48.13139694412079,outside_10pct,False
C,point_lookup_miss_latency_p99_us,3680.255,5357.567,45.57597231713564,outside_10pct,False
C,scan_latency_p50_us,0.0,0.0,,undefined_zero_baseline,False
C,scan_latency_p95_us,0.0,0.0,,undefined_zero_baseline,False
C,scan_latency_p99_us,0.0,0.0,,undefined_zero_baseline,False
D,throughput_ops_per_second,88279.272425,67016.364044,-24.085957888998767,outside_10pct,True
D,point_reads,912006,912006,0.0,within_10pct,False
D,writes,47994,47994,0.0,within_10pct,False
D,scans,0,0,,undefined_zero_baseline,False
D,point_read_hits,733005,738761,0.7852606735288203,within_10pct,False
D,point_read_misses,179001,173245,-3.215624493717917,within_10pct,False
D,point_hit_fraction,0.8037282649456253,0.8100396269322789,0.7852606735288203,within_10pct,False
D,disk_read_bytes,44008947712,47216558080,7.288541387062919,within_10pct,False
D,disk_write_bytes,3489792,3584000,2.699530516431925,within_10pct,False
D,operation_latency_p50_us,408.575,570.879,39.72440800342656,outside_10pct,False
D,operation_latency_p95_us,1191.935,1575.935,32.21652187409549,outside_10pct,False
D,operation_latency_p99_us,2977.791,3454.975,16.024764666156877,outside_10pct,False
D,point_lookup_latency_p50_us,407.807,571.391,40.1130927129745,outside_10pct,True
D,point_lookup_latency_p95_us,1197.055,1584.127,32.33535635371807,outside_10pct,True
D,point_lookup_latency_p99_us,2977.791,3467.263,16.43741955026392,outside_10pct,True
D,point_lookup_hit_latency_p50_us,390.399,542.207,38.88534550549565,outside_10pct,False
D,point_lookup_hit_latency_p95_us,1115.135,1445.887,29.66026534903845,outside_10pct,False
D,point_lookup_hit_latency_p99_us,2686.975,3098.623,15.320127652843807,outside_10pct,False
D,point_lookup_miss_latency_p50_us,490.495,701.951,43.110735073752025,outside_10pct,False
D,point_lookup_miss_latency_p95_us,1490.943,2035.711,36.53848604540886,outside_10pct,False
D,point_lookup_miss_latency_p99_us,4077.567,4603.903,12.908089554383784,outside_10pct,False
D,scan_latency_p50_us,0.0,0.0,,undefined_zero_baseline,False
D,scan_latency_p95_us,0.0,0.0,,undefined_zero_baseline,False
D,scan_latency_p99_us,0.0,0.0,,undefined_zero_baseline,False
E,throughput_ops_per_second,22925.312441,17472.463475,-23.78527655853464,outside_10pct,True
E,point_reads,0,0,,undefined_zero_baseline,False
E,writes,48056,48056,0.0,within_10pct,False
E,scans,911944,911944,0.0,within_10pct,False
E,point_read_hits,0,0,,undefined_zero_baseline,False
E,point_read_misses,0,0,,undefined_zero_baseline,False
E,point_hit_fraction,0,0,,undefined_zero_baseline,False
E,disk_read_bytes,145795764224,236800057344,62.419024039807766,outside_10pct,False
E,disk_write_bytes,15425536,15761408,2.1773765268189083,within_10pct,False
E,operation_latency_p50_us,1866.751,2342.911,25.50741903981839,outside_10pct,False
E,operation_latency_p95_us,3719.167,5079.039,36.56388648318292,outside_10pct,False
E,operation_latency_p99_us,6078.463,8822.783,45.14825540601299,outside_10pct,False
E,point_lookup_latency_p50_us,0.0,0.0,,undefined_zero_baseline,False
E,point_lookup_latency_p95_us,0.0,0.0,,undefined_zero_baseline,False
E,point_lookup_latency_p99_us,0.0,0.0,,undefined_zero_baseline,False
E,point_lookup_hit_latency_p50_us,0.0,0.0,,undefined_zero_baseline,False
E,point_lookup_hit_latency_p95_us,0.0,0.0,,undefined_zero_baseline,False
E,point_lookup_hit_latency_p99_us,0.0,0.0,,undefined_zero_baseline,False
E,point_lookup_miss_latency_p50_us,0.0,0.0,,undefined_zero_baseline,False
E,point_lookup_miss_latency_p95_us,0.0,0.0,,undefined_zero_baseline,False
E,point_lookup_miss_latency_p99_us,0.0,0.0,,undefined_zero_baseline,False
E,scan_latency_p50_us,1879.039,2369.535,26.103556126296468,outside_10pct,True
E,scan_latency_p95_us,3737.599,5128.191,37.205489406434445,outside_10pct,True
E,scan_latency_p99_us,6115.327,8904.703,45.612867472172766,outside_10pct,True
F,throughput_ops_per_second,47272.366707,41817.99499,-11.538182022505616,outside_10pct,True
F,point_reads,960000,960000,0.0,within_10pct,False
F,writes,479808,479808,0.0,within_10pct,False
F,scans,0,0,,undefined_zero_baseline,False
F,point_read_hits,749824,749852,0.0037342096278702996,within_10pct,False
F,point_read_misses,210176,210148,-0.01332216808769271,within_10pct,False
F,point_hit_fraction,0.7810666666666667,0.7810958333333333,0.003734209627848095,within_10pct,False
F,disk_read_bytes,104825372672,126192721920,20.38375700781787,outside_10pct,False
F,disk_write_bytes,197500928,197459968,-0.020739143058612353,within_10pct,False
F,operation_latency_p50_us,816.639,910.847,11.536064282994074,outside_10pct,False
F,operation_latency_p95_us,2013.183,2500.607,24.211609178102545,outside_10pct,False
F,operation_latency_p99_us,4853.759,4882.431,0.5907174212810951,within_10pct,False
F,point_lookup_latency_p50_us,584.703,640.511,9.544674817813492,within_10pct,True
F,point_lookup_latency_p95_us,1557.503,1998.847,28.336638837934824,outside_10pct,True
F,point_lookup_latency_p99_us,3735.551,3971.071,6.304826249193218,within_10pct,True
F,point_lookup_hit_latency_p50_us,532.991,577.023,8.26130272368577,within_10pct,False
F,point_lookup_hit_latency_p95_us,1455.103,1805.311,24.06757459781197,outside_10pct,False
F,point_lookup_hit_latency_p99_us,3360.767,3547.135,5.545400796901423,within_10pct,False
F,point_lookup_miss_latency_p50_us,768.511,914.943,19.053988817336375,outside_10pct,False
F,point_lookup_miss_latency_p95_us,1875.967,2531.327,34.93451643872201,outside_10pct,False
F,point_lookup_miss_latency_p99_us,4857.855,5177.343,6.57672985299067,within_10pct,False
F,scan_latency_p50_us,0.0,0.0,,undefined_zero_baseline,False
F,scan_latency_p95_us,0.0,0.0,,undefined_zero_baseline,False
F,scan_latency_p99_us,0.0,0.0,,undefined_zero_baseline,False
MIXGRAPH,throughput_ops_per_second,36952.014114,33037.797098,-10.59270275207277,outside_10pct,True
MIXGRAPH,point_reads,796810,796810,0.0,within_10pct,False
MIXGRAPH,writes,134564,134564,0.0,within_10pct,False
MIXGRAPH,scans,28626,28626,0.0,within_10pct,False
MIXGRAPH,point_read_hits,516597,520424,0.7408095672255088,within_10pct,False
MIXGRAPH,point_read_misses,280213,276386,-1.3657467712061888,within_10pct,False
MIXGRAPH,point_hit_fraction,0.6483314717435775,0.6531343733135879,0.7408095672255088,within_10pct,False
MIXGRAPH,disk_read_bytes,42037764096,47635537920,13.316059843755212,outside_10pct,False
MIXGRAPH,disk_write_bytes,7368704,7430144,0.8337965536409087,within_10pct,False
MIXGRAPH,operation_latency_p50_us,888.319,998.399,12.391944785600684,outside_10pct,False
MIXGRAPH,operation_latency_p95_us,3371.007,3717.119,10.26731774807943,outside_10pct,False
MIXGRAPH,operation_latency_p99_us,6537.215,7274.495,11.278197213951202,outside_10pct,False
MIXGRAPH,point_lookup_latency_p50_us,894.975,1004.543,12.242576608285137,outside_10pct,True
MIXGRAPH,point_lookup_latency_p95_us,3282.943,3592.191,9.419840673444524,within_10pct,True
MIXGRAPH,point_lookup_latency_p99_us,6000.639,6615.039,10.23890955613227,outside_10pct,True
MIXGRAPH,point_lookup_hit_latency_p50_us,890.367,989.183,11.098344839824481,outside_10pct,False
MIXGRAPH,point_lookup_hit_latency_p95_us,3254.271,3532.799,8.558844669051835,within_10pct,False
MIXGRAPH,point_lookup_hit_latency_p99_us,5955.583,6508.543,9.284733333411687,within_10pct,False
MIXGRAPH,point_lookup_miss_latency_p50_us,903.167,1035.263,14.625866534096122,outside_10pct,False
MIXGRAPH,point_lookup_miss_latency_p95_us,3334.143,3715.071,11.425064851747502,outside_10pct,False
MIXGRAPH,point_lookup_miss_latency_p99_us,6074.367,6791.167,11.800406527955909,outside_10pct,False
MIXGRAPH,scan_latency_p50_us,1296.383,1518.591,17.140613537820215,outside_10pct,False
MIXGRAPH,scan_latency_p95_us,15179.775,18661.375,22.935781327457107,outside_10pct,False
MIXGRAPH,scan_latency_p99_us,29736.959,36306.943,22.09366465481557,outside_10pct,False
final_state,fingerprint_rows,66278498,66319628,0.062056324812909125,within_10pct,True
final_state,sstable_count,164,209,27.439024390243905,outside_10pct,True
final_state,data_bytes,74702475961,85846202847,14.917479966551328,outside_10pct,True
final_state,component_bytes,74783176316,85939525123,14.918260171055442,outside_10pct,True
final_state,max_sstable_bytes,631035132,580038732,-8.081388406755142,within_10pct,True
